instance,label,source,well,fold
0_WELL-00001_20170201010207,0,real,WELL-00001,2
0_WELL-00001_20170201060114,0,real,WELL-00001,2
0_WELL-00001_20170201110124,0,real,WELL-00001,2
0_WELL-00001_20170201160311,0,real,WELL-00001,2
0_WELL-00001_20170201210228,0,real,WELL-00001,2
0_WELL-00001_20170202020343,0,real,WELL-00001,2
0_WELL-00001_20170202070239,0,real,WELL-00001,2
0_WELL-00001_20170218000146,0,real,WELL-00001,2
0_WELL-00001_20170218050218,0,real,WELL-00001,2
0_WELL-00001_20170218100218,0,real,WELL-00001,2
0_WELL-00001_20170218150135,0,real,WELL-00001,2
0_WELL-00001_20170219010042,0,real,WELL-00001,2
0_WELL-00001_20170219060031,0,real,WELL-00001,2
0_WELL-00001_20170219110021,0,real,WELL-00001,2
0_WELL-00001_20170219160053,0,real,WELL-00001,2
0_WELL-00001_20170219210332,0,real,WELL-00001,2
0_WELL-00001_20170421090251,0,real,WELL-00001,2
0_WELL-00001_20170422030000,0,real,WELL-00001,2
0_WELL-00001_20170424170042,0,real,WELL-00001,2
0_WELL-00001_20170424220156,0,real,WELL-00001,2
0_WELL-00001_20170425030207,0,real,WELL-00001,2
0_WELL-00001_20170425080343,0,real,WELL-00001,2
0_WELL-00001_20170425130042,0,real,WELL-00001,2
0_WELL-00001_20170520180000,0,real,WELL-00001,2
0_WELL-00001_20170520230000,0,real,WELL-00001,2
0_WELL-00001_20170521040000,0,real,WELL-00001,2
0_WELL-00001_20170521090000,0,real,WELL-00001,2
0_WELL-00001_20170521140000,0,real,WELL-00001,2
0_WELL-00001_20170521190000,0,real,WELL-00001,2
0_WELL-00001_20170522000000,0,real,WELL-00001,2
0_WELL-00001_20170522050000,0,real,WELL-00001,2
0_WELL-00001_20170522100000,0,real,WELL-00001,2
0_WELL-00001_20170522150000,0,real,WELL-00001,2
0_WELL-00001_20170522200000,0,real,WELL-00001,2
0_WELL-00001_20170523010012,0,real,WELL-00001,2
0_WELL-00001_20170523060000,0,real,WELL-00001,2
0_WELL-00001_20170523110000,0,real,WELL-00001,2
0_WELL-00001_20170523160000,0,real,WELL-00001,2
0_WELL-00001_20170523210000,0,real,WELL-00001,2
0_WELL-00001_20170524020000,0,real,WELL-00001,2
0_WELL-00001_20170524070000,0,real,WELL-00001,2
0_WELL-00001_20170524120000,0,real,WELL-00001,2
0_WELL-00001_20170524170000,0,real,WELL-00001,2
0_WELL-00001_20170524220000,0,real,WELL-00001,2
0_WELL-00001_20170525030000,0,real,WELL-00001,2
0_WELL-00001_20170525080000,0,real,WELL-00001,2
0_WELL-00001_20170525130000,0,real,WELL-00001,2
0_WELL-00001_20170525180000,0,real,WELL-00001,2
0_WELL-00001_20170525230000,0,real,WELL-00001,2
0_WELL-00001_20170526040000,0,real,WELL-00001,2
0_WELL-00001_20170526090000,0,real,WELL-00001,2
0_WELL-00001_20170526140000,0,real,WELL-00001,2
0_WELL-00001_20170526190000,0,real,WELL-00001,2
0_WELL-00001_20170527000000,0,real,WELL-00001,2
0_WELL-00001_20170527050000,0,real,WELL-00001,2
0_WELL-00001_20170527100000,0,real,WELL-00001,2
0_WELL-00001_20170527150000,0,real,WELL-00001,2
0_WELL-00001_20170527200000,0,real,WELL-00001,2
0_WELL-00001_20170528010000,0,real,WELL-00001,2
0_WELL-00001_20170528060000,0,real,WELL-00001,2
0_WELL-00001_20170528110000,0,real,WELL-00001,2
0_WELL-00001_20170528160000,0,real,WELL-00001,2
0_WELL-00001_20170528210000,0,real,WELL-00001,2
0_WELL-00001_20170626090246,0,real,WELL-00001,2
0_WELL-00001_20170626140123,0,real,WELL-00001,2
0_WELL-00001_20170626190135,0,real,WELL-00001,2
0_WELL-00001_20170627000333,0,real,WELL-00001,2
0_WELL-00001_20170823040000,0,real,WELL-00001,2
0_WELL-00001_20170823092146,0,real,WELL-00001,2
0_WELL-00001_20170823140000,0,real,WELL-00001,2
0_WELL-00001_20170823190000,0,real,WELL-00001,2
0_WELL-00001_20170824000000,0,real,WELL-00001,2
0_WELL-00001_20170824050000,0,real,WELL-00001,2
0_WELL-00001_20170824100000,0,real,WELL-00001,2
0_WELL-00001_20170824150000,0,real,WELL-00001,2
0_WELL-00001_20170824200000,0,real,WELL-00001,2
0_WELL-00001_20170825010000,0,real,WELL-00001,2
0_WELL-00001_20170825060000,0,real,WELL-00001,2
0_WELL-00001_20170825110000,0,real,WELL-00001,2
0_WELL-00001_20170825160000,0,real,WELL-00001,2
0_WELL-00001_20170825210000,0,real,WELL-00001,2
0_WELL-00001_20170826020000,0,real,WELL-00001,2
0_WELL-00001_20170826070000,0,real,WELL-00001,2
0_WELL-00001_20170826120000,0,real,WELL-00001,2
0_WELL-00001_20170826170000,0,real,WELL-00001,2
0_WELL-00001_20170826220000,0,real,WELL-00001,2
0_WELL-00001_20170827030000,0,real,WELL-00001,2
0_WELL-00001_20170827080000,0,real,WELL-00001,2
0_WELL-00001_20170827130000,0,real,WELL-00001,2
0_WELL-00001_20170827180000,0,real,WELL-00001,2
0_WELL-00001_20170827230000,0,real,WELL-00001,2
0_WELL-00001_20170828040000,0,real,WELL-00001,2
0_WELL-00001_20170828090000,0,real,WELL-00001,2
0_WELL-00002_20131211220015,0,real,WELL-00002,0
0_WELL-00002_20131212000148,0,real,WELL-00002,0
0_WELL-00002_20131212020000,0,real,WELL-00002,0
0_WELL-00002_20131212040000,0,real,WELL-00002,0
0_WELL-00002_20131212060005,0,real,WELL-00002,0
0_WELL-00002_20131214150127,0,real,WELL-00002,0
0_WELL-00002_20131214170036,0,real,WELL-00002,0
0_WELL-00002_20131214190030,0,real,WELL-00002,0
0_WELL-00002_20170209110022,0,real,WELL-00002,0
0_WELL-00002_20170209160152,0,real,WELL-00002,0
0_WELL-00002_20170209210033,0,real,WELL-00002,0
0_WELL-00002_20170210020033,0,real,WELL-00002,0
0_WELL-00002_20170210070407,0,real,WELL-00002,0
0_WELL-00002_20170210120152,0,real,WELL-00002,0
0_WELL-00002_20170210170033,0,real,WELL-00002,0
0_WELL-00002_20170210220203,0,real,WELL-00002,0
0_WELL-00002_20170211030225,0,real,WELL-00002,0
0_WELL-00002_20170211080129,0,real,WELL-00002,0
0_WELL-00002_20170211130152,0,real,WELL-00002,0
0_WELL-00002_20170211180129,0,real,WELL-00002,0
0_WELL-00002_20170211230141,0,real,WELL-00002,0
0_WELL-00002_20170212040225,0,real,WELL-00002,0
0_WELL-00002_20170212090203,0,real,WELL-00002,0
0_WELL-00002_20170212140407,0,real,WELL-00002,0
0_WELL-00002_20170212190429,0,real,WELL-00002,0
0_WELL-00002_20170213000322,0,real,WELL-00002,0
0_WELL-00002_20170213050225,0,real,WELL-00002,0
0_WELL-00002_20170213100344,0,real,WELL-00002,0
0_WELL-00002_20170213150107,0,real,WELL-00002,0
0_WELL-00002_20170213200214,0,real,WELL-00002,0
0_WELL-00002_20170214010118,0,real,WELL-00002,0
0_WELL-00002_20170214060141,0,real,WELL-00002,0
0_WELL-00002_20170214110056,0,real,WELL-00002,0
0_WELL-00002_20170214160044,0,real,WELL-00002,0
0_WELL-00002_20170214210322,0,real,WELL-00002,0
0_WELL-00002_20170215020259,0,real,WELL-00002,0
0_WELL-00002_20170215070056,0,real,WELL-00002,0
0_WELL-00002_20170215120214,0,real,WELL-00002,0
0_WELL-00002_20170215170118,0,real,WELL-00002,0
0_WELL-00002_20170215220129,0,real,WELL-00002,0
0_WELL-00002_20170216030141,0,real,WELL-00002,0
0_WELL-00002_20170216080118,0,real,WELL-00002,0
0_WELL-00002_20170216130152,0,real,WELL-00002,0
0_WELL-00002_20170216180214,0,real,WELL-00002,0
0_WELL-00002_20170216230107,0,real,WELL-00002,0
0_WELL-00002_20170217040451,0,real,WELL-00002,0
0_WELL-00002_20170217090355,0,real,WELL-00002,0
0_WELL-00002_20170217140248,0,real,WELL-00002,0
0_WELL-00002_20170217190225,0,real,WELL-00002,0
0_WELL-00002_20170218000237,0,real,WELL-00002,0
0_WELL-00002_20170218050225,0,real,WELL-00002,0
0_WELL-00002_20170218100022,0,real,WELL-00002,0
0_WELL-00002_20170218150214,0,real,WELL-00002,0
0_WELL-00002_20170219010033,0,real,WELL-00002,0
0_WELL-00002_20170219060129,0,real,WELL-00002,0
0_WELL-00002_20170219110152,0,real,WELL-00002,0
0_WELL-00002_20170219160203,0,real,WELL-00002,0
0_WELL-00002_20170219210214,0,real,WELL-00002,0
0_WELL-00002_20170307190031,0,real,WELL-00002,0
0_WELL-00002_20170308000103,0,real,WELL-00002,0
0_WELL-00002_20170308050042,0,real,WELL-00002,0
0_WELL-00002_20170308100124,0,real,WELL-00002,0
0_WELL-00002_20170308150353,0,real,WELL-00002,0
0_WELL-00002_20170308200218,0,real,WELL-00002,0
0_WELL-00002_20170309010218,0,real,WELL-00002,0
0_WELL-00002_20170309060218,0,real,WELL-00002,0
0_WELL-00002_20170309110156,0,real,WELL-00002,0
0_WELL-00002_20170309160218,0,real,WELL-00002,0
0_WELL-00002_20170309210207,0,real,WELL-00002,0
0_WELL-00002_20170310020146,0,real,WELL-00002,0
0_WELL-00002_20170310070518,0,real,WELL-00002,0
0_WELL-00002_20170310120321,0,real,WELL-00002,0
0_WELL-00002_20170310170103,0,real,WELL-00002,0
0_WELL-00002_20170310220042,0,real,WELL-00002,0
0_WELL-00002_20170404020000,0,real,WELL-00002,0
0_WELL-00002_20170404070045,0,real,WELL-00002,0
0_WELL-00002_20170404120000,0,real,WELL-00002,0
0_WELL-00002_20170404170000,0,real,WELL-00002,0
0_WELL-00002_20170404220000,0,real,WELL-00002,0
0_WELL-00002_20170405030000,0,real,WELL-00002,0
0_WELL-00002_20170405080000,0,real,WELL-00002,0
0_WELL-00002_20170405130000,0,real,WELL-00002,0
0_WELL-00002_20170405180000,0,real,WELL-00002,0
0_WELL-00002_20170405230000,0,real,WELL-00002,0
0_WELL-00002_20170406040000,0,real,WELL-00002,0
0_WELL-00002_20170406090000,0,real,WELL-00002,0
0_WELL-00002_20170406140000,0,real,WELL-00002,0
0_WELL-00002_20170406190000,0,real,WELL-00002,0
0_WELL-00002_20170610230108,0,real,WELL-00002,0
0_WELL-00002_20170611040011,0,real,WELL-00002,0
0_WELL-00002_20170611090000,0,real,WELL-00002,0
0_WELL-00002_20170611140000,0,real,WELL-00002,0
0_WELL-00002_20170611190000,0,real,WELL-00002,0
0_WELL-00002_20170612000000,0,real,WELL-00002,0
0_WELL-00002_20170612050057,0,real,WELL-00002,0
0_WELL-00002_20170612100022,0,real,WELL-00002,0
0_WELL-00002_20170612150022,0,real,WELL-00002,0
0_WELL-00002_20170612200000,0,real,WELL-00002,0
0_WELL-00002_20170613010022,0,real,WELL-00002,0
0_WELL-00002_20170613060011,0,real,WELL-00002,0
0_WELL-00002_20170613110000,0,real,WELL-00002,0
0_WELL-00002_20170613160000,0,real,WELL-00002,0
0_WELL-00002_20170613210000,0,real,WELL-00002,0
0_WELL-00002_20170614020000,0,real,WELL-00002,0
0_WELL-00002_20170614070057,0,real,WELL-00002,0
0_WELL-00002_20170614120000,0,real,WELL-00002,0
0_WELL-00002_20170614170000,0,real,WELL-00002,0
0_WELL-00002_20170614220200,0,real,WELL-00002,0
0_WELL-00002_20170615030032,0,real,WELL-00002,0
0_WELL-00002_20170615080400,0,real,WELL-00002,0
0_WELL-00002_20170615130021,0,real,WELL-00002,0
0_WELL-00002_20170615180127,0,real,WELL-00002,0
0_WELL-00002_20170615230149,0,real,WELL-00002,0
0_WELL-00002_20170616040043,0,real,WELL-00002,0
0_WELL-00002_20170616090516,0,real,WELL-00002,0
0_WELL-00002_20170616140211,0,real,WELL-00002,0
0_WELL-00002_20170616190349,0,real,WELL-00002,0
0_WELL-00002_20170617000127,0,real,WELL-00002,0
0_WELL-00002_20170617050043,0,real,WELL-00002,0
0_WELL-00002_20170617100221,0,real,WELL-00002,0
0_WELL-00002_20170617150149,0,real,WELL-00002,0
0_WELL-00002_20170617210127,0,real,WELL-00002,0
0_WELL-00002_20170618010105,0,real,WELL-00002,0
0_WELL-00002_20170618060105,0,real,WELL-00002,0
0_WELL-00002_20170618110600,0,real,WELL-00002,0
0_WELL-00002_20170618160211,0,real,WELL-00002,0
0_WELL-00002_20170618210043,0,real,WELL-00002,0
0_WELL-00002_20170619020032,0,real,WELL-00002,0
0_WELL-00002_20170619070054,0,real,WELL-00002,0
0_WELL-00002_20170619120021,0,real,WELL-00002,0
0_WELL-00002_20170619170149,0,real,WELL-00002,0
0_WELL-00002_20170619220043,0,real,WELL-00002,0
0_WELL-00002_20170620030505,0,real,WELL-00002,0
0_WELL-00002_20170620080254,0,real,WELL-00002,0
0_WELL-00002_20170620130116,0,real,WELL-00002,0
0_WELL-00002_20170620180211,0,real,WELL-00002,0
0_WELL-00002_20170620220109,0,real,WELL-00002,0
0_WELL-00002_20170621020054,0,real,WELL-00002,0
0_WELL-00002_20170621070422,0,real,WELL-00002,0
0_WELL-00002_20170621120116,0,real,WELL-00002,0
0_WELL-00002_20170621170032,0,real,WELL-00002,0
0_WELL-00002_20170621220054,0,real,WELL-00002,0
0_WELL-00002_20170622030105,0,real,WELL-00002,0
0_WELL-00002_20170622080043,0,real,WELL-00002,0
0_WELL-00002_20170622130127,0,real,WELL-00002,0
0_WELL-00002_20170622180316,0,real,WELL-00002,0
0_WELL-00002_20170622230305,0,real,WELL-00002,0
0_WELL-00002_20170623040021,0,real,WELL-00002,0
0_WELL-00002_20170623090032,0,real,WELL-00002,0
0_WELL-00002_20170623140127,0,real,WELL-00002,0
0_WELL-00002_20170623190211,0,real,WELL-00002,0
0_WELL-00002_20170624000032,0,real,WELL-00002,0
0_WELL-00002_20170624050127,0,real,WELL-00002,0
0_WELL-00002_20170624100021,0,real,WELL-00002,0
0_WELL-00002_20170624150054,0,real,WELL-00002,0
0_WELL-00002_20170624200211,0,real,WELL-00002,0
0_WELL-00002_20170625010200,0,real,WELL-00002,0
0_WELL-00002_20170625060243,0,real,WELL-00002,0
0_WELL-00002_20170625110032,0,real,WELL-00002,0
0_WELL-00002_20170625160232,0,real,WELL-00002,0
0_WELL-00002_20170625210127,0,real,WELL-00002,0
0_WELL-00002_20170626020043,0,real,WELL-00002,0
0_WELL-00002_20170626070149,0,real,WELL-00002,0
0_WELL-00002_20170626120032,0,real,WELL-00002,0
0_WELL-00002_20170626170138,0,real,WELL-00002,0
0_WELL-00002_20170626220316,0,real,WELL-00002,0
0_WELL-00002_20170804200000,0,real,WELL-00002,0
0_WELL-00002_20170805010000,0,real,WELL-00002,0
0_WELL-00002_20170805060000,0,real,WELL-00002,0
0_WELL-00002_20170805110000,0,real,WELL-00002,0
0_WELL-00002_20170805160000,0,real,WELL-00002,0
0_WELL-00002_20170805210000,0,real,WELL-00002,0
0_WELL-00002_20170806020000,0,real,WELL-00002,0
0_WELL-00002_20170806070000,0,real,WELL-00002,0
0_WELL-00002_20170806120000,0,real,WELL-00002,0
0_WELL-00002_20170806170000,0,real,WELL-00002,0
0_WELL-00002_20170806220000,0,real,WELL-00002,0
0_WELL-00002_20170807030000,0,real,WELL-00002,0
0_WELL-00002_20170807080000,0,real,WELL-00002,0
0_WELL-00002_20170807130000,0,real,WELL-00002,0
0_WELL-00002_20170807180000,0,real,WELL-00002,0
0_WELL-00002_20170807230000,0,real,WELL-00002,0
0_WELL-00002_20170808040000,0,real,WELL-00002,0
0_WELL-00002_20170808090000,0,real,WELL-00002,0
0_WELL-00002_20170808140000,0,real,WELL-00002,0
0_WELL-00002_20170808190026,0,real,WELL-00002,0
0_WELL-00002_20170809000000,0,real,WELL-00002,0
0_WELL-00002_20170809050000,0,real,WELL-00002,0
0_WELL-00002_20170809100000,0,real,WELL-00002,0
0_WELL-00002_20170809150026,0,real,WELL-00002,0
0_WELL-00002_20170809200000,0,real,WELL-00002,0
0_WELL-00002_20170810010026,0,real,WELL-00002,0
0_WELL-00002_20170810060000,0,real,WELL-00002,0
0_WELL-00002_20170810110000,0,real,WELL-00002,0
0_WELL-00002_20170810160000,0,real,WELL-00002,0
0_WELL-00002_20170810210000,0,real,WELL-00002,0
0_WELL-00002_20170811020000,0,real,WELL-00002,0
0_WELL-00002_20170811070000,0,real,WELL-00002,0
0_WELL-00002_20170811120000,0,real,WELL-00002,0
0_WELL-00002_20170811170000,0,real,WELL-00002,0
0_WELL-00002_20170811220000,0,real,WELL-00002,0
0_WELL-00002_20170812030000,0,real,WELL-00002,0
0_WELL-00002_20170812080000,0,real,WELL-00002,0
0_WELL-00002_20170812130000,0,real,WELL-00002,0
0_WELL-00002_20170812180000,0,real,WELL-00002,0
0_WELL-00002_20170812230000,0,real,WELL-00002,0
0_WELL-00002_20170813040000,0,real,WELL-00002,0
0_WELL-00002_20170813090000,0,real,WELL-00002,0
0_WELL-00002_20170813140000,0,real,WELL-00002,0
0_WELL-00003_20170514000000,0,real,WELL-00003,3
0_WELL-00003_20170514050000,0,real,WELL-00003,3
0_WELL-00003_20170514100000,0,real,WELL-00003,3
0_WELL-00003_20170514150000,0,real,WELL-00003,3
0_WELL-00003_20170807090000,0,real,WELL-00003,3
0_WELL-00003_20170812010116,0,real,WELL-00003,3
0_WELL-00003_20170812060038,0,real,WELL-00003,3
0_WELL-00003_20170812110000,0,real,WELL-00003,3
0_WELL-00003_20170812160025,0,real,WELL-00003,3
0_WELL-00003_20170812210116,0,real,WELL-00003,3
0_WELL-00003_20170813020000,0,real,WELL-00003,3
0_WELL-00003_20170813070105,0,real,WELL-00003,3
0_WELL-00003_20170813120131,0,real,WELL-00003,3
0_WELL-00003_20170813170118,0,real,WELL-00003,3
0_WELL-00003_20170820220053,0,real,WELL-00003,3
0_WELL-00003_20170821030114,0,real,WELL-00003,3
0_WELL-00003_20170821080300,0,real,WELL-00003,3
0_WELL-00003_20170821130207,0,real,WELL-00003,3
0_WELL-00003_20170914100000,0,real,WELL-00003,3
0_WELL-00003_20170914150000,0,real,WELL-00003,3
0_WELL-00003_20170914200000,0,real,WELL-00003,3
0_WELL-00003_20170915010000,0,real,WELL-00003,3
0_WELL-00003_20170915060000,0,real,WELL-00003,3
0_WELL-00003_20170915110000,0,real,WELL-00003,3
0_WELL-00003_20170915160000,0,real,WELL-00003,3
0_WELL-00003_20170915210000,0,real,WELL-00003,3
0_WELL-00004_20140806210033,0,real,WELL-00004,1
0_WELL-00004_20140806230129,0,real,WELL-00004,1
0_WELL-00004_20140807010107,0,real,WELL-00004,1
0_WELL-00004_20140807030137,0,real,WELL-00004,1
0_WELL-00004_20140807050141,0,real,WELL-00004,1
0_WELL-00004_20140807070055,0,real,WELL-00004,1
0_WELL-00004_20140807090112,0,real,WELL-00004,1
0_WELL-00004_20140807110112,0,real,WELL-00004,1
0_WELL-00004_20140807130038,0,real,WELL-00004,1
0_WELL-00004_20140807150311,0,real,WELL-00004,1
0_WELL-00004_20140807170050,0,real,WELL-00004,1
0_WELL-00004_20140807190042,0,real,WELL-00004,1
0_WELL-00005_20170331050014,0,real,WELL-00005,3
0_WELL-00005_20170331100000,0,real,WELL-00005,3
0_WELL-00005_20170331150000,0,real,WELL-00005,3
0_WELL-00005_20170331200112,0,real,WELL-00005,3
0_WELL-00005_20170401010000,0,real,WELL-00005,3
0_WELL-00005_20170401060000,0,real,WELL-00005,3
0_WELL-00005_20170401110141,0,real,WELL-00005,3
0_WELL-00005_20170401160000,0,real,WELL-00005,3
0_WELL-00005_20170401210156,0,real,WELL-00005,3
0_WELL-00005_20170402020029,0,real,WELL-00005,3
0_WELL-00005_20170402070043,0,real,WELL-00005,3
0_WELL-00005_20170402120029,0,real,WELL-00005,3
0_WELL-00005_20170402170043,0,real,WELL-00005,3
0_WELL-00005_20170402220127,0,real,WELL-00005,3
0_WELL-00005_20170403030000,0,real,WELL-00005,3
0_WELL-00005_20170403080000,0,real,WELL-00005,3
0_WELL-00005_20170403130000,0,real,WELL-00005,3
0_WELL-00005_20170403180000,0,real,WELL-00005,3
0_WELL-00005_20170403230043,0,real,WELL-00005,3
0_WELL-00005_20170516040046,0,real,WELL-00005,3
0_WELL-00005_20170516070038,0,real,WELL-00005,3
0_WELL-00005_20170516100000,0,real,WELL-00005,3
0_WELL-00005_20170516130007,0,real,WELL-00005,3
0_WELL-00005_20170516160000,0,real,WELL-00005,3
0_WELL-00005_20170516190038,0,real,WELL-00005,3
0_WELL-00005_20170516220000,0,real,WELL-00005,3
0_WELL-00005_20170812100000,0,real,WELL-00005,3
0_WELL-00005_20170812130000,0,real,WELL-00005,3
0_WELL-00005_20170812160000,0,real,WELL-00005,3
0_WELL-00005_20170812190000,0,real,WELL-00005,3
0_WELL-00005_20170812220000,0,real,WELL-00005,3
0_WELL-00005_20170813010000,0,real,WELL-00005,3
0_WELL-00005_20170813040000,0,real,WELL-00005,3
0_WELL-00005_20170813070000,0,real,WELL-00005,3
0_WELL-00005_20170813100000,0,real,WELL-00005,3
0_WELL-00005_20170813130000,0,real,WELL-00005,3
0_WELL-00005_20170813160000,0,real,WELL-00005,3
0_WELL-00005_20170813190000,0,real,WELL-00005,3
0_WELL-00005_20170813220000,0,real,WELL-00005,3
0_WELL-00005_20170814010000,0,real,WELL-00005,3
0_WELL-00005_20170814040000,0,real,WELL-00005,3
0_WELL-00005_20170814070000,0,real,WELL-00005,3
0_WELL-00005_20170814100000,0,real,WELL-00005,3
0_WELL-00005_20170814130000,0,real,WELL-00005,3
0_WELL-00005_20170814160000,0,real,WELL-00005,3
0_WELL-00005_20170814190000,0,real,WELL-00005,3
0_WELL-00005_20170814220000,0,real,WELL-00005,3
0_WELL-00005_20170815040000,0,real,WELL-00005,3
0_WELL-00005_20170815070000,0,real,WELL-00005,3
0_WELL-00005_20170815100000,0,real,WELL-00005,3
0_WELL-00005_20170815130000,0,real,WELL-00005,3
0_WELL-00005_20170815160000,0,real,WELL-00005,3
0_WELL-00005_20170815190000,0,real,WELL-00005,3
0_WELL-00005_20170815220000,0,real,WELL-00005,3
0_WELL-00005_20170816010000,0,real,WELL-00005,3
0_WELL-00005_20170816040000,0,real,WELL-00005,3
0_WELL-00005_20170816070000,0,real,WELL-00005,3
0_WELL-00005_20170816100000,0,real,WELL-00005,3
0_WELL-00005_20170816130000,0,real,WELL-00005,3
0_WELL-00005_20170816160000,0,real,WELL-00005,3
0_WELL-00005_20170816190000,0,real,WELL-00005,3
0_WELL-00005_20170816220000,0,real,WELL-00005,3
0_WELL-00005_20170817010000,0,real,WELL-00005,3
0_WELL-00005_20170817040000,0,real,WELL-00005,3
0_WELL-00005_20170817070000,0,real,WELL-00005,3
0_WELL-00005_20170817100000,0,real,WELL-00005,3
0_WELL-00005_20170817130000,0,real,WELL-00005,3
0_WELL-00005_20170817160000,0,real,WELL-00005,3
0_WELL-00005_20170817190000,0,real,WELL-00005,3
0_WELL-00005_20170830050000,0,real,WELL-00005,3
0_WELL-00005_20170830080000,0,real,WELL-00005,3
0_WELL-00005_20170830110000,0,real,WELL-00005,3
0_WELL-00005_20170830140000,0,real,WELL-00005,3
0_WELL-00005_20170830170000,0,real,WELL-00005,3
0_WELL-00005_20170830200000,0,real,WELL-00005,3
0_WELL-00005_20170910020004,0,real,WELL-00005,3
0_WELL-00005_20170910040000,0,real,WELL-00005,3
0_WELL-00005_20170910060000,0,real,WELL-00005,3
0_WELL-00005_20170910080000,0,real,WELL-00005,3
0_WELL-00005_20170910100000,0,real,WELL-00005,3
0_WELL-00005_20170910120000,0,real,WELL-00005,3
0_WELL-00006_20170206210031,0,real,WELL-00006,1
0_WELL-00006_20170207020135,0,real,WELL-00006,1
0_WELL-00006_20170207070124,0,real,WELL-00006,1
0_WELL-00006_20170207120228,0,real,WELL-00006,1
0_WELL-00006_20170207170042,0,real,WELL-00006,1
0_WELL-00006_20170207220207,0,real,WELL-00006,1
0_WELL-00006_20170208030124,0,real,WELL-00006,1
0_WELL-00006_20170208080053,0,real,WELL-00006,1
0_WELL-00006_20170208130146,0,real,WELL-00006,1
0_WELL-00006_20170208180207,0,real,WELL-00006,1
0_WELL-00006_20170208230114,0,real,WELL-00006,1
0_WELL-00006_20170209040042,0,real,WELL-00006,1
0_WELL-00006_20170209090207,0,real,WELL-00006,1
0_WELL-00006_20170209140146,0,real,WELL-00006,1
0_WELL-00006_20170209190114,0,real,WELL-00006,1
0_WELL-00006_20170210000135,0,real,WELL-00006,1
0_WELL-00006_20170221230000,0,real,WELL-00006,1
0_WELL-00006_20170222040000,0,real,WELL-00006,1
0_WELL-00006_20170222090000,0,real,WELL-00006,1
0_WELL-00006_20170222140000,0,real,WELL-00006,1
0_WELL-00006_20170222190000,0,real,WELL-00006,1
0_WELL-00006_20170223000000,0,real,WELL-00006,1
0_WELL-00006_20170223050000,0,real,WELL-00006,1
0_WELL-00006_20170223100000,0,real,WELL-00006,1
0_WELL-00006_20170223150000,0,real,WELL-00006,1
0_WELL-00006_20170223200000,0,real,WELL-00006,1
0_WELL-00006_20170224010000,0,real,WELL-00006,1
0_WELL-00006_20170224060000,0,real,WELL-00006,1
0_WELL-00006_20170224110025,0,real,WELL-00006,1
0_WELL-00006_20170224160000,0,real,WELL-00006,1
0_WELL-00006_20170505200021,0,real,WELL-00006,1
0_WELL-00006_20170506010103,0,real,WELL-00006,1
0_WELL-00006_20170506060114,0,real,WELL-00006,1
0_WELL-00006_20170506110042,0,real,WELL-00006,1
0_WELL-00006_20170506160053,0,real,WELL-00006,1
0_WELL-00006_20170506210103,0,real,WELL-00006,1
0_WELL-00006_20170507020249,0,real,WELL-00006,1
0_WELL-00006_20170507070124,0,real,WELL-00006,1
0_WELL-00006_20170507120135,0,real,WELL-00006,1
0_WELL-00006_20170507170103,0,real,WELL-00006,1
0_WELL-00006_20170507220053,0,real,WELL-00006,1
0_WELL-00006_20170508030021,0,real,WELL-00006,1
0_WELL-00006_20170508080031,0,real,WELL-00006,1
0_WELL-00006_20170508130053,0,real,WELL-00006,1
0_WELL-00006_20170508180053,0,real,WELL-00006,1
0_WELL-00006_20170508230053,0,real,WELL-00006,1
0_WELL-00006_20170509040031,0,real,WELL-00006,1
0_WELL-00006_20170509090135,0,real,WELL-00006,1
0_WELL-00006_20170509140042,0,real,WELL-00006,1
0_WELL-00006_20170509190135,0,real,WELL-00006,1
0_WELL-00006_20170815050000,0,real,WELL-00006,1
0_WELL-00006_20170815100000,0,real,WELL-00006,1
0_WELL-00006_20170815150000,0,real,WELL-00006,1
0_WELL-00006_20170815200000,0,real,WELL-00006,1
0_WELL-00006_20170816010000,0,real,WELL-00006,1
0_WELL-00006_20170816060000,0,real,WELL-00006,1
0_WELL-00006_20170816110000,0,real,WELL-00006,1
0_WELL-00006_20170816160000,0,real,WELL-00006,1
0_WELL-00006_20170816210000,0,real,WELL-00006,1
0_WELL-00006_20170817020000,0,real,WELL-00006,1
0_WELL-00006_20170817070000,0,real,WELL-00006,1
0_WELL-00006_20170817120000,0,real,WELL-00006,1
0_WELL-00006_20170817170000,0,real,WELL-00006,1
0_WELL-00006_20170817220000,0,real,WELL-00006,1
0_WELL-00006_20170818030000,0,real,WELL-00006,1
0_WELL-00006_20170818080000,0,real,WELL-00006,1
0_WELL-00006_20170818130000,0,real,WELL-00006,1
0_WELL-00006_20170818180000,0,real,WELL-00006,1
0_WELL-00006_20170818230000,0,real,WELL-00006,1
0_WELL-00006_20170819040000,0,real,WELL-00006,1
0_WELL-00006_20170819090000,0,real,WELL-00006,1
0_WELL-00006_20170819140000,0,real,WELL-00006,1
0_WELL-00006_20170819190000,0,real,WELL-00006,1
0_WELL-00006_20170820000000,0,real,WELL-00006,1
0_WELL-00006_20170820050000,0,real,WELL-00006,1
0_WELL-00006_20170820100000,0,real,WELL-00006,1
0_WELL-00006_20170820150000,0,real,WELL-00006,1
0_WELL-00006_20170820200000,0,real,WELL-00006,1
0_WELL-00006_20170821010000,0,real,WELL-00006,1
0_WELL-00006_20170821060000,0,real,WELL-00006,1
0_WELL-00006_20170821110000,0,real,WELL-00006,1
0_WELL-00006_20170821160000,0,real,WELL-00006,1
0_WELL-00006_20170821210000,0,real,WELL-00006,1
0_WELL-00006_20170822020000,0,real,WELL-00006,1
0_WELL-00006_20170822170000,0,real,WELL-00006,1
0_WELL-00006_20170822220000,0,real,WELL-00006,1
0_WELL-00006_20170823030000,0,real,WELL-00006,1
0_WELL-00006_20170823080000,0,real,WELL-00006,1
0_WELL-00006_20170823130000,0,real,WELL-00006,1
0_WELL-00006_20170823180000,0,real,WELL-00006,1
0_WELL-00006_20170823230000,0,real,WELL-00006,1
0_WELL-00006_20170824040000,0,real,WELL-00006,1
0_WELL-00006_20170824090000,0,real,WELL-00006,1
0_WELL-00006_20170824140000,0,real,WELL-00006,1
0_WELL-00006_20170824190135,0,real,WELL-00006,1
0_WELL-00006_20170825000042,0,real,WELL-00006,1
0_WELL-00006_20170825050135,0,real,WELL-00006,1
0_WELL-00006_20170825100249,0,real,WELL-00006,1
0_WELL-00006_20170825150135,0,real,WELL-00006,1
0_WELL-00006_20170825200053,0,real,WELL-00006,1
0_WELL-00006_20170826010207,0,real,WELL-00006,1
0_WELL-00006_20170826060135,0,real,WELL-00006,1
0_WELL-00006_20170826110103,0,real,WELL-00006,1
0_WELL-00006_20170826160103,0,real,WELL-00006,1
0_WELL-00006_20170826210114,0,real,WELL-00006,1
0_WELL-00006_20170827020218,0,real,WELL-00006,1
0_WELL-00006_20170827070114,0,real,WELL-00006,1
0_WELL-00006_20170827120321,0,real,WELL-00006,1
0_WELL-00006_20170827170146,0,real,WELL-00006,1
0_WELL-00006_20170827220218,0,real,WELL-00006,1
0_WELL-00006_20170828030343,0,real,WELL-00006,1
0_WELL-00006_20170828080311,0,real,WELL-00006,1
0_WELL-00006_20170828130031,0,real,WELL-00006,1
0_WELL-00007_20170801170000,0,real,WELL-00007,2
0_WELL-00007_20170801190000,0,real,WELL-00007,2
0_WELL-00008_20170610210246,0,real,WELL-00008,4
0_WELL-00008_20170611020246,0,real,WELL-00008,4
0_WELL-00008_20170611070445,0,real,WELL-00008,4
0_WELL-00008_20170611120123,0,real,WELL-00008,4
0_WELL-00008_20170611170123,0,real,WELL-00008,4
0_WELL-00008_20170611220123,0,real,WELL-00008,4
0_WELL-00008_20170612030000,0,real,WELL-00008,4
0_WELL-00008_20170612080246,0,real,WELL-00008,4
0_WELL-00008_20170612130047,0,real,WELL-00008,4
0_WELL-00008_20170612180111,0,real,WELL-00008,4
0_WELL-00008_20170612230222,0,real,WELL-00008,4
0_WELL-00008_20170613210222,0,real,WELL-00008,4
0_WELL-00008_20170614020135,0,real,WELL-00008,4
0_WELL-00008_20170614070246,0,real,WELL-00008,4
0_WELL-00008_20170614120135,0,real,WELL-00008,4
0_WELL-00008_20170614170123,0,real,WELL-00008,4
0_WELL-00008_20170614220333,0,real,WELL-00008,4
0_WELL-00008_20170615030123,0,real,WELL-00008,4
0_WELL-00008_20170615080234,0,real,WELL-00008,4
0_WELL-00008_20170615130310,0,real,WELL-00008,4
0_WELL-00008_20170615180111,0,real,WELL-00008,4
0_WELL-00008_20170629160123,0,real,WELL-00008,4
0_WELL-00008_20170629210321,0,real,WELL-00008,4
0_WELL-00008_20170630020222,0,real,WELL-00008,4
0_WELL-00008_20170630070310,0,real,WELL-00008,4
0_WELL-00008_20170630120246,0,real,WELL-00008,4
0_WELL-00008_20170630170321,0,real,WELL-00008,4
0_WELL-00008_20170630220146,0,real,WELL-00008,4
0_WELL-00008_20170701030210,0,real,WELL-00008,4
0_WELL-00008_20170701080222,0,real,WELL-00008,4
0_WELL-00008_20170701130135,0,real,WELL-00008,4
0_WELL-00008_20170701180222,0,real,WELL-00008,4
0_WELL-00008_20170701230246,0,real,WELL-00008,4
0_WELL-00008_20170702040135,0,real,WELL-00008,4
0_WELL-00008_20170702090222,0,real,WELL-00008,4
0_WELL-00008_20170702140532,0,real,WELL-00008,4
0_WELL-00008_20170702190135,0,real,WELL-00008,4
0_WELL-00008_20170703000445,0,real,WELL-00008,4
0_WELL-00008_20170703050123,0,real,WELL-00008,4
0_WELL-00008_20170816130222,0,real,WELL-00008,4
0_WELL-00008_20170816180321,0,real,WELL-00008,4
0_WELL-00008_20170816230146,0,real,WELL-00008,4
0_WELL-00008_20170817040135,0,real,WELL-00008,4
0_WELL-00008_20170817090246,0,real,WELL-00008,4
0_WELL-00008_20170817140222,0,real,WELL-00008,4
0_WELL-00008_20170817190123,0,real,WELL-00008,4
0_WELL-00008_20170818000222,0,real,WELL-00008,4
0_WELL-00008_20170818050210,0,real,WELL-00008,4
0_WELL-00008_20170818100258,0,real,WELL-00008,4
0_WELL-00008_20170818150123,0,real,WELL-00008,4
0_WELL-00008_20170818200310,0,real,WELL-00008,4
0_WELL-00008_20170819010123,0,real,WELL-00008,4
0_WELL-00008_20170819060246,0,real,WELL-00008,4
0_WELL-00008_20170819110210,0,real,WELL-00008,4
0_WELL-00008_20170914010321,0,real,WELL-00008,4
0_WELL-00008_20170914060222,0,real,WELL-00008,4
0_WELL-00008_20170914110246,0,real,WELL-00008,4
0_WELL-00019_20170307235203,0,real,WELL-00019,4
1_SIMULATED_00001,1,simulated,,-1
1_SIMULATED_00002,1,simulated,,-1
1_SIMULATED_00003,1,simulated,,-1
1_SIMULATED_00004,1,simulated,,-1
1_SIMULATED_00005,1,simulated,,-1
1_SIMULATED_00006,1,simulated,,-1
1_SIMULATED_00007,1,simulated,,-1
1_SIMULATED_00008,1,simulated,,-1
1_SIMULATED_00009,1,simulated,,-1
1_SIMULATED_00010,1,simulated,,-1
1_SIMULATED_00011,1,simulated,,-1
1_SIMULATED_00012,1,simulated,,-1
1_SIMULATED_00013,1,simulated,,-1
1_SIMULATED_00014,1,simulated,,-1
1_SIMULATED_00015,1,simulated,,-1
1_SIMULATED_00016,1,simulated,,-1
1_SIMULATED_00017,1,simulated,,-1
1_SIMULATED_00018,1,simulated,,-1
1_SIMULATED_00019,1,simulated,,-1
1_SIMULATED_00020,1,simulated,,-1
1_SIMULATED_00021,1,simulated,,-1
1_SIMULATED_00022,1,simulated,,-1
1_SIMULATED_00023,1,simulated,,-1
1_SIMULATED_00024,1,simulated,,-1
1_SIMULATED_00025,1,simulated,,-1
1_SIMULATED_00026,1,simulated,,-1
1_SIMULATED_00027,1,simulated,,-1
1_SIMULATED_00028,1,simulated,,-1
1_SIMULATED_00029,1,simulated,,-1
1_SIMULATED_00030,1,simulated,,-1
1_SIMULATED_00031,1,simulated,,-1
1_SIMULATED_00032,1,simulated,,-1
1_SIMULATED_00033,1,simulated,,-1
1_SIMULATED_00034,1,simulated,,-1
1_SIMULATED_00035,1,simulated,,-1
1_SIMULATED_00036,1,simulated,,-1
1_SIMULATED_00037,1,simulated,,-1
1_SIMULATED_00038,1,simulated,,-1
1_SIMULATED_00039,1,simulated,,-1
1_SIMULATED_00040,1,simulated,,-1
1_SIMULATED_00041,1,simulated,,-1
1_SIMULATED_00042,1,simulated,,-1
1_SIMULATED_00043,1,simulated,,-1
1_SIMULATED_00044,1,simulated,,-1
1_SIMULATED_00045,1,simulated,,-1
1_SIMULATED_00046,1,simulated,,-1
1_SIMULATED_00047,1,simulated,,-1
1_SIMULATED_00048,1,simulated,,-1
1_SIMULATED_00049,1,simulated,,-1
1_SIMULATED_00050,1,simulated,,-1
1_SIMULATED_00051,1,simulated,,-1
1_SIMULATED_00052,1,simulated,,-1
1_SIMULATED_00053,1,simulated,,-1
1_SIMULATED_00054,1,simulated,,-1
1_SIMULATED_00055,1,simulated,,-1
1_SIMULATED_00056,1,simulated,,-1
1_SIMULATED_00057,1,simulated,,-1
1_SIMULATED_00058,1,simulated,,-1
1_SIMULATED_00059,1,simulated,,-1
1_SIMULATED_00060,1,simulated,,-1
1_SIMULATED_00061,1,simulated,,-1
1_SIMULATED_00062,1,simulated,,-1
1_SIMULATED_00063,1,simulated,,-1
1_SIMULATED_00064,1,simulated,,-1
1_SIMULATED_00065,1,simulated,,-1
1_SIMULATED_00066,1,simulated,,-1
1_SIMULATED_00067,1,simulated,,-1
1_SIMULATED_00068,1,simulated,,-1
1_SIMULATED_00069,1,simulated,,-1
1_SIMULATED_00070,1,simulated,,-1
1_SIMULATED_00071,1,simulated,,-1
1_SIMULATED_00072,1,simulated,,-1
1_SIMULATED_00073,1,simulated,,-1
1_SIMULATED_00074,1,simulated,,-1
1_SIMULATED_00075,1,simulated,,-1
1_SIMULATED_00076,1,simulated,,-1
1_SIMULATED_00077,1,simulated,,-1
1_SIMULATED_00078,1,simulated,,-1
1_SIMULATED_00079,1,simulated,,-1
1_SIMULATED_00080,1,simulated,,-1
1_SIMULATED_00081,1,simulated,,-1
1_SIMULATED_00082,1,simulated,,-1
1_SIMULATED_00083,1,simulated,,-1
1_SIMULATED_00084,1,simulated,,-1
1_SIMULATED_00085,1,simulated,,-1
1_SIMULATED_00086,1,simulated,,-1
1_SIMULATED_00087,1,simulated,,-1
1_SIMULATED_00088,1,simulated,,-1
1_SIMULATED_00089,1,simulated,,-1
1_SIMULATED_00090,1,simulated,,-1
1_SIMULATED_00091,1,simulated,,-1
1_SIMULATED_00092,1,simulated,,-1
1_SIMULATED_00093,1,simulated,,-1
1_SIMULATED_00094,1,simulated,,-1
1_SIMULATED_00095,1,simulated,,-1
1_SIMULATED_00096,1,simulated,,-1
1_SIMULATED_00097,1,simulated,,-1
1_SIMULATED_00098,1,simulated,,-1
1_SIMULATED_00099,1,simulated,,-1
1_SIMULATED_00100,1,simulated,,-1
1_SIMULATED_00101,1,simulated,,-1
1_SIMULATED_00102,1,simulated,,-1
1_SIMULATED_00103,1,simulated,,-1
1_SIMULATED_00104,1,simulated,,-1
1_SIMULATED_00105,1,simulated,,-1
1_SIMULATED_00106,1,simulated,,-1
1_SIMULATED_00107,1,simulated,,-1
1_SIMULATED_00108,1,simulated,,-1
1_SIMULATED_00109,1,simulated,,-1
1_SIMULATED_00110,1,simulated,,-1
1_SIMULATED_00111,1,simulated,,-1
1_SIMULATED_00112,1,simulated,,-1
1_SIMULATED_00113,1,simulated,,-1
1_SIMULATED_00114,1,simulated,,-1
1_WELL-00001_20140124083303,1,real,WELL-00001,2
1_WELL-00002_20140126180030,1,real,WELL-00002,0
1_WELL-00006_20170731170930,1,real,WELL-00006,1
1_WELL-00006_20180617190257,1,real,WELL-00006,1
2_SIMULATED_00001,2,simulated,,-1
2_SIMULATED_00002,2,simulated,,-1
2_SIMULATED_00003,2,simulated,,-1
2_SIMULATED_00004,2,simulated,,-1
2_SIMULATED_00005,2,simulated,,-1
2_SIMULATED_00006,2,simulated,,-1
2_SIMULATED_00007,2,simulated,,-1
2_SIMULATED_00008,2,simulated,,-1
2_SIMULATED_00009,2,simulated,,-1
2_SIMULATED_00010,2,simulated,,-1
2_SIMULATED_00011,2,simulated,,-1
2_SIMULATED_00012,2,simulated,,-1
2_SIMULATED_00013,2,simulated,,-1
2_SIMULATED_00014,2,simulated,,-1
2_SIMULATED_00015,2,simulated,,-1
2_SIMULATED_00016,2,simulated,,-1
2_WELL-00002_20131104004101,2,real,WELL-00002,0
2_WELL-00003_20141122190000,2,real,WELL-00003,3
2_WELL-00003_20170728130240,2,real,WELL-00003,3
2_WELL-00003_20180206171508,2,real,WELL-00003,3
2_WELL-00009_20170313150804,2,real,WELL-00009,4
2_WELL-00010_20171218180131,2,real,WELL-00010,4
2_WELL-00011_20140515083000,2,real,WELL-00011,2
2_WELL-00011_20140530083203,2,real,WELL-00011,2
2_WELL-00011_20140606213810,2,real,WELL-00011,2
2_WELL-00011_20140720110102,2,real,WELL-00011,2
2_WELL-00011_20140726165720,2,real,WELL-00011,2
2_WELL-00011_20140823230118,2,real,WELL-00011,2
2_WELL-00011_20140916050300,2,real,WELL-00011,2
2_WELL-00011_20140921183228,2,real,WELL-00011,2
2_WELL-00011_20140928090056,2,real,WELL-00011,2
2_WELL-00011_20140929153332,2,real,WELL-00011,2
2_WELL-00011_20140929210121,2,real,WELL-00011,2
2_WELL-00011_20141005160056,2,real,WELL-00011,2
2_WELL-00011_20141006150121,2,real,WELL-00011,2
2_WELL-00012_20170320011000,2,real,WELL-00012,1
2_WELL-00012_20170320123144,2,real,WELL-00012,1
2_WELL-00013_20170329010229,2,real,WELL-00013,0
3_SIMULATED_00001,3,simulated,,-1
3_SIMULATED_00002,3,simulated,,-1
3_SIMULATED_00003,3,simulated,,-1
3_SIMULATED_00004,3,simulated,,-1
3_SIMULATED_00005,3,simulated,,-1
3_SIMULATED_00006,3,simulated,,-1
3_SIMULATED_00007,3,simulated,,-1
3_SIMULATED_00008,3,simulated,,-1
3_SIMULATED_00009,3,simulated,,-1
3_SIMULATED_00010,3,simulated,,-1
3_SIMULATED_00011,3,simulated,,-1
3_SIMULATED_00012,3,simulated,,-1
3_SIMULATED_00013,3,simulated,,-1
3_SIMULATED_00014,3,simulated,,-1
3_SIMULATED_00015,3,simulated,,-1
3_SIMULATED_00016,3,simulated,,-1
3_SIMULATED_00017,3,simulated,,-1
3_SIMULATED_00018,3,simulated,,-1
3_SIMULATED_00019,3,simulated,,-1
3_SIMULATED_00020,3,simulated,,-1
3_SIMULATED_00021,3,simulated,,-1
3_SIMULATED_00022,3,simulated,,-1
3_SIMULATED_00023,3,simulated,,-1
3_SIMULATED_00024,3,simulated,,-1
3_SIMULATED_00025,3,simulated,,-1
3_SIMULATED_00026,3,simulated,,-1
3_SIMULATED_00027,3,simulated,,-1
3_SIMULATED_00028,3,simulated,,-1
3_SIMULATED_00029,3,simulated,,-1
3_SIMULATED_00030,3,simulated,,-1
3_SIMULATED_00031,3,simulated,,-1
3_SIMULATED_00032,3,simulated,,-1
3_SIMULATED_00033,3,simulated,,-1
3_SIMULATED_00034,3,simulated,,-1
3_SIMULATED_00035,3,simulated,,-1
3_SIMULATED_00036,3,simulated,,-1
3_SIMULATED_00037,3,simulated,,-1
3_SIMULATED_00038,3,simulated,,-1
3_SIMULATED_00039,3,simulated,,-1
3_SIMULATED_00040,3,simulated,,-1
3_SIMULATED_00041,3,simulated,,-1
3_SIMULATED_00042,3,simulated,,-1
3_SIMULATED_00043,3,simulated,,-1
3_SIMULATED_00044,3,simulated,,-1
3_SIMULATED_00045,3,simulated,,-1
3_SIMULATED_00046,3,simulated,,-1
3_SIMULATED_00047,3,simulated,,-1
3_SIMULATED_00048,3,simulated,,-1
3_SIMULATED_00049,3,simulated,,-1
3_SIMULATED_00050,3,simulated,,-1
3_SIMULATED_00051,3,simulated,,-1
3_SIMULATED_00052,3,simulated,,-1
3_SIMULATED_00053,3,simulated,,-1
3_SIMULATED_00054,3,simulated,,-1
3_SIMULATED_00055,3,simulated,,-1
3_SIMULATED_00056,3,simulated,,-1
3_SIMULATED_00057,3,simulated,,-1
3_SIMULATED_00058,3,simulated,,-1
3_SIMULATED_00059,3,simulated,,-1
3_SIMULATED_00060,3,simulated,,-1
3_SIMULATED_00061,3,simulated,,-1
3_SIMULATED_00062,3,simulated,,-1
3_SIMULATED_00063,3,simulated,,-1
3_SIMULATED_00064,3,simulated,,-1
3_SIMULATED_00065,3,simulated,,-1
3_SIMULATED_00066,3,simulated,,-1
3_SIMULATED_00067,3,simulated,,-1
3_SIMULATED_00068,3,simulated,,-1
3_SIMULATED_00069,3,simulated,,-1
3_SIMULATED_00070,3,simulated,,-1
3_SIMULATED_00071,3,simulated,,-1
3_SIMULATED_00072,3,simulated,,-1
3_SIMULATED_00073,3,simulated,,-1
3_SIMULATED_00074,3,simulated,,-1
3_WELL-00001_20170320120025,3,real,WELL-00001,2
3_WELL-00014_20170917140000,3,real,WELL-00014,3
3_WELL-00014_20170917190000,3,real,WELL-00014,3
3_WELL-00014_20170918010114,3,real,WELL-00014,3
3_WELL-00014_20170918060135,3,real,WELL-00014,3
3_WELL-00014_20170918110103,3,real,WELL-00014,3
3_WELL-00014_20170919200016,3,real,WELL-00014,3
3_WELL-00014_20170920000042,3,real,WELL-00014,3
3_WELL-00014_20170920050228,3,real,WELL-00014,3
3_WELL-00014_20170920100053,3,real,WELL-00014,3
3_WELL-00014_20170920180207,3,real,WELL-00014,3
3_WELL-00014_20170920230053,3,real,WELL-00014,3
3_WELL-00014_20170921040404,3,real,WELL-00014,3
3_WELL-00014_20170921090155,3,real,WELL-00014,3
3_WELL-00014_20170921140042,3,real,WELL-00014,3
3_WELL-00014_20170921190114,3,real,WELL-00014,3
3_WELL-00014_20170922000042,3,real,WELL-00014,3
3_WELL-00014_20170922050124,3,real,WELL-00014,3
3_WELL-00014_20170922100042,3,real,WELL-00014,3
3_WELL-00014_20170922150249,3,real,WELL-00014,3
3_WELL-00014_20170925000031,3,real,WELL-00014,3
3_WELL-00014_20170925050042,3,real,WELL-00014,3
3_WELL-00014_20170925100124,3,real,WELL-00014,3
3_WELL-00014_20170925150218,3,real,WELL-00014,3
3_WELL-00014_20170925200042,3,real,WELL-00014,3
3_WELL-00014_20170926010340,3,real,WELL-00014,3
3_WELL-00014_20170926060042,3,real,WELL-00014,3
3_WELL-00014_20170926110103,3,real,WELL-00014,3
3_WELL-00014_20170926160228,3,real,WELL-00014,3
3_WELL-00014_20171028070000,3,real,WELL-00014,3
3_WELL-00014_20171028120000,3,real,WELL-00014,3
3_WELL-00014_20171028170038,3,real,WELL-00014,3
4_WELL-00001_20170316110203,4,real,WELL-00001,2
4_WELL-00001_20170316130000,4,real,WELL-00001,2
4_WELL-00001_20170316150005,4,real,WELL-00001,2
4_WELL-00001_20170316170000,4,real,WELL-00001,2
4_WELL-00001_20170316190000,4,real,WELL-00001,2
4_WELL-00001_20170316210000,4,real,WELL-00001,2
4_WELL-00001_20170316230000,4,real,WELL-00001,2
4_WELL-00001_20170317010000,4,real,WELL-00001,2
4_WELL-00001_20170317030000,4,real,WELL-00001,2
4_WELL-00001_20170317050000,4,real,WELL-00001,2
4_WELL-00001_20170317070000,4,real,WELL-00001,2
4_WELL-00001_20170317090000,4,real,WELL-00001,2
4_WELL-00001_20170317110000,4,real,WELL-00001,2
4_WELL-00001_20170317130005,4,real,WELL-00001,2
4_WELL-00001_20170317150000,4,real,WELL-00001,2
4_WELL-00001_20170317170000,4,real,WELL-00001,2
4_WELL-00001_20170317190000,4,real,WELL-00001,2
4_WELL-00001_20170317210000,4,real,WELL-00001,2
4_WELL-00001_20170317230020,4,real,WELL-00001,2
4_WELL-00001_20170318010000,4,real,WELL-00001,2
4_WELL-00001_20170318030000,4,real,WELL-00001,2
4_WELL-00001_20170318050025,4,real,WELL-00001,2
4_WELL-00001_20170318070000,4,real,WELL-00001,2
4_WELL-00001_20170318090000,4,real,WELL-00001,2
4_WELL-00001_20170318110000,4,real,WELL-00001,2
4_WELL-00001_20170318130000,4,real,WELL-00001,2
4_WELL-00001_20170319170033,4,real,WELL-00001,2
4_WELL-00001_20170320180146,4,real,WELL-00001,2
4_WELL-00001_20170421150000,4,real,WELL-00001,2
4_WELL-00001_20170421170000,4,real,WELL-00001,2
4_WELL-00001_20170421190000,4,real,WELL-00001,2
4_WELL-00001_20170421210000,4,real,WELL-00001,2
4_WELL-00001_20170421230000,4,real,WELL-00001,2
4_WELL-00001_20170422010000,4,real,WELL-00001,2
4_WELL-00001_20170626050000,4,real,WELL-00001,2
4_WELL-00001_20170626070000,4,real,WELL-00001,2
4_WELL-00002_20131208220000,4,real,WELL-00002,0
4_WELL-00002_20131209000000,4,real,WELL-00002,0
4_WELL-00002_20131209020000,4,real,WELL-00002,0
4_WELL-00002_20131209040000,4,real,WELL-00002,0
4_WELL-00002_20131209060000,4,real,WELL-00002,0
4_WELL-00002_20131209080000,4,real,WELL-00002,0
4_WELL-00002_20131209100000,4,real,WELL-00002,0
4_WELL-00002_20131209120000,4,real,WELL-00002,0
4_WELL-00002_20131212080000,4,real,WELL-00002,0
4_WELL-00002_20131212100000,4,real,WELL-00002,0
4_WELL-00002_20131214210010,4,real,WELL-00002,0
4_WELL-00002_20131214230010,4,real,WELL-00002,0
4_WELL-00002_20131215010010,4,real,WELL-00002,0
4_WELL-00002_20131215030036,4,real,WELL-00002,0
4_WELL-00002_20131215050030,4,real,WELL-00002,0
4_WELL-00002_20131215070015,4,real,WELL-00002,0
4_WELL-00002_20131215090025,4,real,WELL-00002,0
4_WELL-00002_20131215110025,4,real,WELL-00002,0
4_WELL-00002_20131215130036,4,real,WELL-00002,0
4_WELL-00002_20131215150122,4,real,WELL-00002,0
4_WELL-00002_20131215170101,4,real,WELL-00002,0
4_WELL-00002_20131215190132,4,real,WELL-00002,0
4_WELL-00002_20131215210107,4,real,WELL-00002,0
4_WELL-00002_20140109000112,4,real,WELL-00002,0
4_WELL-00002_20140109020025,4,real,WELL-00002,0
4_WELL-00002_20140109040025,4,real,WELL-00002,0
4_WELL-00002_20140109140010,4,real,WELL-00002,0
4_WELL-00002_20140109160010,4,real,WELL-00002,0
4_WELL-00002_20140115150010,4,real,WELL-00002,0
4_WELL-00002_20140115170036,4,real,WELL-00002,0
4_WELL-00002_20140118230030,4,real,WELL-00002,0
4_WELL-00002_20140119010020,4,real,WELL-00002,0
4_WELL-00002_20140119030025,4,real,WELL-00002,0
4_WELL-00002_20140119050010,4,real,WELL-00002,0
4_WELL-00002_20140119070138,4,real,WELL-00002,0
4_WELL-00002_20140119090112,4,real,WELL-00002,0
4_WELL-00002_20140119110010,4,real,WELL-00002,0
4_WELL-00002_20140119130010,4,real,WELL-00002,0
4_WELL-00002_20140119150112,4,real,WELL-00002,0
4_WELL-00002_20140119170015,4,real,WELL-00002,0
4_WELL-00002_20140119190132,4,real,WELL-00002,0
4_WELL-00002_20140119210015,4,real,WELL-00002,0
4_WELL-00002_20140119230030,4,real,WELL-00002,0
4_WELL-00002_20140120010025,4,real,WELL-00002,0
4_WELL-00002_20140120030132,4,real,WELL-00002,0
4_WELL-00002_20140120050203,4,real,WELL-00002,0
4_WELL-00002_20140120070122,4,real,WELL-00002,0
4_WELL-00002_20140120090010,4,real,WELL-00002,0
4_WELL-00002_20140120110234,4,real,WELL-00002,0
4_WELL-00002_20140120130224,4,real,WELL-00002,0
4_WELL-00002_20140120150112,4,real,WELL-00002,0
4_WELL-00002_20140120170010,4,real,WELL-00002,0
4_WELL-00002_20140120190122,4,real,WELL-00002,0
4_WELL-00002_20140120210036,4,real,WELL-00002,0
4_WELL-00002_20140120230224,4,real,WELL-00002,0
4_WELL-00002_20140121010056,4,real,WELL-00002,0
4_WELL-00002_20140121030030,4,real,WELL-00002,0
4_WELL-00002_20140121050010,4,real,WELL-00002,0
4_WELL-00002_20140121070214,4,real,WELL-00002,0
4_WELL-00002_20140121090056,4,real,WELL-00002,0
4_WELL-00002_20140121110117,4,real,WELL-00002,0
4_WELL-00002_20140121130132,4,real,WELL-00002,0
4_WELL-00002_20140121150025,4,real,WELL-00002,0
4_WELL-00002_20140121170219,4,real,WELL-00002,0
4_WELL-00002_20140121190234,4,real,WELL-00002,0
4_WELL-00002_20140121210041,4,real,WELL-00002,0
4_WELL-00002_20140121230117,4,real,WELL-00002,0
4_WELL-00002_20140122010051,4,real,WELL-00002,0
4_WELL-00002_20140122030046,4,real,WELL-00002,0
4_WELL-00002_20140122050010,4,real,WELL-00002,0
4_WELL-00002_20140122070127,4,real,WELL-00002,0
4_WELL-00002_20140122090112,4,real,WELL-00002,0
4_WELL-00002_20140122110030,4,real,WELL-00002,0
4_WELL-00002_20140122130015,4,real,WELL-00002,0
4_WELL-00002_20140122150127,4,real,WELL-00002,0
4_WELL-00002_20140122170112,4,real,WELL-00002,0
4_WELL-00002_20140122190127,4,real,WELL-00002,0
4_WELL-00002_20140122210153,4,real,WELL-00002,0
4_WELL-00002_20140122230051,4,real,WELL-00002,0
4_WELL-00002_20140123010219,4,real,WELL-00002,0
4_WELL-00002_20140123030132,4,real,WELL-00002,0
4_WELL-00002_20140123050030,4,real,WELL-00002,0
4_WELL-00002_20140123070010,4,real,WELL-00002,0
4_WELL-00002_20140124050010,4,real,WELL-00002,0
4_WELL-00002_20140124070020,4,real,WELL-00002,0
4_WELL-00002_20140124090054,4,real,WELL-00002,0
4_WELL-00002_20140124110131,4,real,WELL-00002,0
4_WELL-00002_20140124130041,4,real,WELL-00002,0
4_WELL-00002_20140124150018,4,real,WELL-00002,0
4_WELL-00002_20140124170136,4,real,WELL-00002,0
4_WELL-00002_20140124190008,4,real,WELL-00002,0
4_WELL-00002_20140124210029,4,real,WELL-00002,0
4_WELL-00002_20140124230055,4,real,WELL-00002,0
4_WELL-00002_20140125010016,4,real,WELL-00002,0
4_WELL-00002_20140125030033,4,real,WELL-00002,0
4_WELL-00002_20140125050245,4,real,WELL-00002,0
4_WELL-00002_20140125070141,4,real,WELL-00002,0
4_WELL-00002_20140125090025,4,real,WELL-00002,0
4_WELL-00002_20140125110016,4,real,WELL-00002,0
4_WELL-00002_20140125130107,4,real,WELL-00002,0
4_WELL-00002_20140125150112,4,real,WELL-00002,0
4_WELL-00002_20140125170107,4,real,WELL-00002,0
4_WELL-00002_20140125190016,4,real,WELL-00002,0
4_WELL-00002_20140125210046,4,real,WELL-00002,0
4_WELL-00002_20140125230059,4,real,WELL-00002,0
4_WELL-00002_20140126010016,4,real,WELL-00002,0
4_WELL-00002_20140126030133,4,real,WELL-00002,0
4_WELL-00002_20140126050141,4,real,WELL-00002,0
4_WELL-00002_20140126070146,4,real,WELL-00002,0
4_WELL-00002_20140126090141,4,real,WELL-00002,0
4_WELL-00002_20140126110241,4,real,WELL-00002,0
4_WELL-00002_20140126130124,4,real,WELL-00002,0
4_WELL-00004_20140804190012,4,real,WELL-00004,1
4_WELL-00004_20140804210008,4,real,WELL-00004,1
4_WELL-00004_20140804230059,4,real,WELL-00004,1
4_WELL-00004_20140805010033,4,real,WELL-00004,1
4_WELL-00004_20140805030025,4,real,WELL-00004,1
4_WELL-00004_20140805050008,4,real,WELL-00004,1
4_WELL-00004_20140805070029,4,real,WELL-00004,1
4_WELL-00004_20140805090050,4,real,WELL-00004,1
4_WELL-00004_20140805110107,4,real,WELL-00004,1
4_WELL-00004_20140805130016,4,real,WELL-00004,1
4_WELL-00004_20140805150150,4,real,WELL-00004,1
4_WELL-00004_20140805170137,4,real,WELL-00004,1
4_WELL-00004_20140805190046,4,real,WELL-00004,1
4_WELL-00004_20140805210116,4,real,WELL-00004,1
4_WELL-00004_20140805230050,4,real,WELL-00004,1
4_WELL-00004_20140806010107,4,real,WELL-00004,1
4_WELL-00004_20140806030012,4,real,WELL-00004,1
4_WELL-00004_20140806050141,4,real,WELL-00004,1
4_WELL-00004_20140806070215,4,real,WELL-00004,1
4_WELL-00004_20140806090103,4,real,WELL-00004,1
4_WELL-00004_20140806110038,4,real,WELL-00004,1
4_WELL-00004_20140806130050,4,real,WELL-00004,1
4_WELL-00004_20140806150154,4,real,WELL-00004,1
4_WELL-00004_20140806170008,4,real,WELL-00004,1
4_WELL-00004_20140806190021,4,real,WELL-00004,1
4_WELL-00004_20141117100021,4,real,WELL-00004,1
4_WELL-00004_20141117120029,4,real,WELL-00004,1
4_WELL-00004_20141117140055,4,real,WELL-00004,1
4_WELL-00004_20141117160116,4,real,WELL-00004,1
4_WELL-00004_20141117180021,4,real,WELL-00004,1
4_WELL-00004_20141117200021,4,real,WELL-00004,1
4_WELL-00004_20141117220046,4,real,WELL-00004,1
4_WELL-00004_20141118000042,4,real,WELL-00004,1
4_WELL-00004_20141118020016,4,real,WELL-00004,1
4_WELL-00004_20141118040012,4,real,WELL-00004,1
4_WELL-00004_20141118060038,4,real,WELL-00004,1
4_WELL-00004_20141118080038,4,real,WELL-00004,1
4_WELL-00004_20141118100025,4,real,WELL-00004,1
4_WELL-00004_20141118120050,4,real,WELL-00004,1
4_WELL-00004_20141118140107,4,real,WELL-00004,1
4_WELL-00004_20141118160016,4,real,WELL-00004,1
4_WELL-00004_20141118180124,4,real,WELL-00004,1
4_WELL-00004_20141118200016,4,real,WELL-00004,1
4_WELL-00005_20170616010033,4,real,WELL-00005,3
4_WELL-00005_20170624010016,4,real,WELL-00005,3
4_WELL-00005_20170624030025,4,real,WELL-00005,3
4_WELL-00005_20170624050038,4,real,WELL-00005,3
4_WELL-00005_20170624070158,4,real,WELL-00005,3
4_WELL-00005_20170624090042,4,real,WELL-00005,3
4_WELL-00005_20170624150124,4,real,WELL-00005,3
4_WELL-00005_20170624170016,4,real,WELL-00005,3
4_WELL-00005_20170624190107,4,real,WELL-00005,3
4_WELL-00005_20170624210033,4,real,WELL-00005,3
4_WELL-00005_20170624230038,4,real,WELL-00005,3
4_WELL-00005_20170625010059,4,real,WELL-00005,3
4_WELL-00005_20170625030228,4,real,WELL-00005,3
4_WELL-00005_20170625050103,4,real,WELL-00005,3
4_WELL-00005_20170625083000,4,real,WELL-00005,3
4_WELL-00005_20170625103000,4,real,WELL-00005,3
4_WELL-00005_20170625123000,4,real,WELL-00005,3
4_WELL-00005_20170626040116,4,real,WELL-00005,3
4_WELL-00005_20170626060033,4,real,WELL-00005,3
4_WELL-00005_20170626080055,4,real,WELL-00005,3
4_WELL-00005_20170626100038,4,real,WELL-00005,3
4_WELL-00005_20170626120016,4,real,WELL-00005,3
4_WELL-00005_20170626140141,4,real,WELL-00005,3
4_WELL-00005_20170626160050,4,real,WELL-00005,3
4_WELL-00005_20170626180016,4,real,WELL-00005,3
4_WELL-00005_20170626200059,4,real,WELL-00005,3
4_WELL-00005_20170626220232,4,real,WELL-00005,3
4_WELL-00005_20170627000154,4,real,WELL-00005,3
4_WELL-00005_20170627020207,4,real,WELL-00005,3
4_WELL-00005_20170627040046,4,real,WELL-00005,3
4_WELL-00005_20170627060050,4,real,WELL-00005,3
4_WELL-00005_20170627080025,4,real,WELL-00005,3
4_WELL-00005_20170627100055,4,real,WELL-00005,3
4_WELL-00005_20170627120016,4,real,WELL-00005,3
4_WELL-00005_20170627140050,4,real,WELL-00005,3
4_WELL-00005_20170627160112,4,real,WELL-00005,3
4_WELL-00005_20170627180112,4,real,WELL-00005,3
4_WELL-00005_20170627200038,4,real,WELL-00005,3
4_WELL-00007_20170517200012,4,real,WELL-00007,2
4_WELL-00007_20170517220025,4,real,WELL-00007,2
4_WELL-00007_20170518000012,4,real,WELL-00007,2
4_WELL-00007_20170518020016,4,real,WELL-00007,2
4_WELL-00007_20170518040016,4,real,WELL-00007,2
4_WELL-00007_20170518060124,4,real,WELL-00007,2
4_WELL-00007_20170518080021,4,real,WELL-00007,2
4_WELL-00007_20170518100129,4,real,WELL-00007,2
4_WELL-00007_20170518120103,4,real,WELL-00007,2
4_WELL-00007_20170518140021,4,real,WELL-00007,2
4_WELL-00010_20180416070150,4,real,WELL-00010,4
4_WELL-00010_20180416090133,4,real,WELL-00010,4
4_WELL-00010_20180416110120,4,real,WELL-00010,4
4_WELL-00010_20180416130038,4,real,WELL-00010,4
4_WELL-00010_20180416150107,4,real,WELL-00010,4
4_WELL-00010_20180416170029,4,real,WELL-00010,4
4_WELL-00010_20180416190008,4,real,WELL-00010,4
4_WELL-00010_20180416210141,4,real,WELL-00010,4
4_WELL-00010_20180416230055,4,real,WELL-00010,4
4_WELL-00010_20180417010107,4,real,WELL-00010,4
4_WELL-00010_20180417030033,4,real,WELL-00010,4
4_WELL-00010_20180417050046,4,real,WELL-00010,4
4_WELL-00010_20180422170012,4,real,WELL-00010,4
4_WELL-00010_20180422190158,4,real,WELL-00010,4
4_WELL-00010_20180422210038,4,real,WELL-00010,4
4_WELL-00010_20180422230029,4,real,WELL-00010,4
4_WELL-00010_20180423010129,4,real,WELL-00010,4
4_WELL-00010_20180423030021,4,real,WELL-00010,4
4_WELL-00010_20180423050353,4,real,WELL-00010,4
4_WELL-00010_20180423070107,4,real,WELL-00010,4
4_WELL-00010_20180423090050,4,real,WELL-00010,4
4_WELL-00010_20180423110112,4,real,WELL-00010,4
4_WELL-00010_20180423130025,4,real,WELL-00010,4
4_WELL-00010_20180423150129,4,real,WELL-00010,4
4_WELL-00010_20180423170042,4,real,WELL-00010,4
4_WELL-00010_20180423190021,4,real,WELL-00010,4
4_WELL-00010_20180423210016,4,real,WELL-00010,4
4_WELL-00010_20180423230033,4,real,WELL-00010,4
4_WELL-00010_20180424010059,4,real,WELL-00010,4
4_WELL-00010_20180424030012,4,real,WELL-00010,4
4_WELL-00010_20180424050029,4,real,WELL-00010,4
4_WELL-00010_20180424070107,4,real,WELL-00010,4
4_WELL-00010_20180424090046,4,real,WELL-00010,4
4_WELL-00010_20180424110050,4,real,WELL-00010,4
4_WELL-00010_20180424130033,4,real,WELL-00010,4
4_WELL-00010_20180424150129,4,real,WELL-00010,4
4_WELL-00010_20180424170033,4,real,WELL-00010,4
4_WELL-00010_20180424190133,4,real,WELL-00010,4
4_WELL-00010_20180424210211,4,real,WELL-00010,4
4_WELL-00010_20180424230232,4,real,WELL-00010,4
4_WELL-00010_20180425010050,4,real,WELL-00010,4
4_WELL-00010_20180425030224,4,real,WELL-00010,4
4_WELL-00010_20180425050158,4,real,WELL-00010,4
4_WELL-00010_20180425070141,4,real,WELL-00010,4
4_WELL-00010_20180425090033,4,real,WELL-00010,4
4_WELL-00010_20180425110029,4,real,WELL-00010,4
4_WELL-00010_20180425130016,4,real,WELL-00010,4
4_WELL-00010_20180425150107,4,real,WELL-00010,4
4_WELL-00010_20180425170046,4,real,WELL-00010,4
4_WELL-00010_20180425190116,4,real,WELL-00010,4
4_WELL-00010_20180425210046,4,real,WELL-00010,4
4_WELL-00010_20180425230124,4,real,WELL-00010,4
4_WELL-00010_20180426010124,4,real,WELL-00010,4
4_WELL-00010_20180426030033,4,real,WELL-00010,4
4_WELL-00010_20180426050029,4,real,WELL-00010,4
4_WELL-00010_20180426070025,4,real,WELL-00010,4
4_WELL-00010_20180426090042,4,real,WELL-00010,4
4_WELL-00010_20180426110107,4,real,WELL-00010,4
4_WELL-00010_20180426130141,4,real,WELL-00010,4
4_WELL-00010_20180426150008,4,real,WELL-00010,4
4_WELL-00010_20180426170103,4,real,WELL-00010,4
4_WELL-00010_20180426190107,4,real,WELL-00010,4
4_WELL-00010_20180426210116,4,real,WELL-00010,4
4_WELL-00010_20180426230008,4,real,WELL-00010,4
4_WELL-00010_20180427010029,4,real,WELL-00010,4
4_WELL-00010_20180427030025,4,real,WELL-00010,4
4_WELL-00010_20180427050042,4,real,WELL-00010,4
4_WELL-00010_20180427070107,4,real,WELL-00010,4
4_WELL-00010_20180427090107,4,real,WELL-00010,4
4_WELL-00010_20180427110016,4,real,WELL-00010,4
4_WELL-00010_20180427130112,4,real,WELL-00010,4
4_WELL-00010_20180427150025,4,real,WELL-00010,4
4_WELL-00010_20180427170042,4,real,WELL-00010,4
4_WELL-00010_20180427190340,4,real,WELL-00010,4
4_WELL-00010_20180427210055,4,real,WELL-00010,4
4_WELL-00010_20180427230016,4,real,WELL-00010,4
4_WELL-00010_20180428010211,4,real,WELL-00010,4
4_WELL-00010_20180428030137,4,real,WELL-00010,4
4_WELL-00010_20180428050033,4,real,WELL-00010,4
4_WELL-00010_20180428070033,4,real,WELL-00010,4
4_WELL-00010_20180428090116,4,real,WELL-00010,4
4_WELL-00010_20180428110207,4,real,WELL-00010,4
4_WELL-00010_20180428130249,4,real,WELL-00010,4
4_WELL-00014_20170915080021,4,real,WELL-00014,3
4_WELL-00014_20170915100033,4,real,WELL-00014,3
4_WELL-00014_20170915120107,4,real,WELL-00014,3
4_WELL-00014_20170915140059,4,real,WELL-00014,3
4_WELL-00014_20170915160012,4,real,WELL-00014,3
4_WELL-00014_20170915180050,4,real,WELL-00014,3
4_WELL-00014_20170915200116,4,real,WELL-00014,3
4_WELL-00014_20170916170016,4,real,WELL-00014,3
4_WELL-00014_20170916190112,4,real,WELL-00014,3
4_WELL-00014_20170916210059,4,real,WELL-00014,3
4_WELL-00014_20170916230042,4,real,WELL-00014,3
4_WELL-00014_20170917010012,4,real,WELL-00014,3
4_WELL-00014_20170917030228,4,real,WELL-00014,3
4_WELL-00014_20170917050111,4,real,WELL-00014,3
4_WELL-00014_20170917070112,4,real,WELL-00014,3
4_WELL-00014_20170917090055,4,real,WELL-00014,3
4_WELL-00014_20170917110016,4,real,WELL-00014,3
4_WELL-00014_20170923150033,4,real,WELL-00014,3
4_WELL-00014_20170923170059,4,real,WELL-00014,3
4_WELL-00014_20170923190120,4,real,WELL-00014,3
4_WELL-00014_20170924160050,4,real,WELL-00014,3
5_SIMULATED_00001,5,simulated,,-1
5_SIMULATED_00002,5,simulated,,-1
5_SIMULATED_00003,5,simulated,,-1
5_SIMULATED_00004,5,simulated,,-1
5_SIMULATED_00005,5,simulated,,-1
5_SIMULATED_00006,5,simulated,,-1
5_SIMULATED_00007,5,simulated,,-1
5_SIMULATED_00008,5,simulated,,-1
5_SIMULATED_00009,5,simulated,,-1
5_SIMULATED_00010,5,simulated,,-1
5_SIMULATED_00011,5,simulated,,-1
5_SIMULATED_00012,5,simulated,,-1
5_SIMULATED_00013,5,simulated,,-1
5_SIMULATED_00014,5,simulated,,-1
5_SIMULATED_00015,5,simulated,,-1
5_SIMULATED_00016,5,simulated,,-1
5_SIMULATED_00017,5,simulated,,-1
5_SIMULATED_00018,5,simulated,,-1
5_SIMULATED_00019,5,simulated,,-1
5_SIMULATED_00020,5,simulated,,-1
5_SIMULATED_00021,5,simulated,,-1
5_SIMULATED_00022,5,simulated,,-1
5_SIMULATED_00023,5,simulated,,-1
5_SIMULATED_00024,5,simulated,,-1
5_SIMULATED_00025,5,simulated,,-1
5_SIMULATED_00026,5,simulated,,-1
5_SIMULATED_00027,5,simulated,,-1
5_SIMULATED_00028,5,simulated,,-1
5_SIMULATED_00029,5,simulated,,-1
5_SIMULATED_00030,5,simulated,,-1
5_SIMULATED_00031,5,simulated,,-1
5_SIMULATED_00032,5,simulated,,-1
5_SIMULATED_00033,5,simulated,,-1
5_SIMULATED_00034,5,simulated,,-1
5_SIMULATED_00035,5,simulated,,-1
5_SIMULATED_00036,5,simulated,,-1
5_SIMULATED_00037,5,simulated,,-1
5_SIMULATED_00038,5,simulated,,-1
5_SIMULATED_00039,5,simulated,,-1
5_SIMULATED_00040,5,simulated,,-1
5_SIMULATED_00041,5,simulated,,-1
5_SIMULATED_00042,5,simulated,,-1
5_SIMULATED_00043,5,simulated,,-1
5_SIMULATED_00044,5,simulated,,-1
5_SIMULATED_00045,5,simulated,,-1
5_SIMULATED_00046,5,simulated,,-1
5_SIMULATED_00047,5,simulated,,-1
5_SIMULATED_00048,5,simulated,,-1
5_SIMULATED_00049,5,simulated,,-1
5_SIMULATED_00050,5,simulated,,-1
5_SIMULATED_00051,5,simulated,,-1
5_SIMULATED_00052,5,simulated,,-1
5_SIMULATED_00053,5,simulated,,-1
5_SIMULATED_00054,5,simulated,,-1
5_SIMULATED_00055,5,simulated,,-1
5_SIMULATED_00056,5,simulated,,-1
5_SIMULATED_00057,5,simulated,,-1
5_SIMULATED_00058,5,simulated,,-1
5_SIMULATED_00059,5,simulated,,-1
5_SIMULATED_00060,5,simulated,,-1
5_SIMULATED_00061,5,simulated,,-1
5_SIMULATED_00062,5,simulated,,-1
5_SIMULATED_00063,5,simulated,,-1
5_SIMULATED_00064,5,simulated,,-1
5_SIMULATED_00065,5,simulated,,-1
5_SIMULATED_00066,5,simulated,,-1
5_SIMULATED_00067,5,simulated,,-1
5_SIMULATED_00068,5,simulated,,-1
5_SIMULATED_00069,5,simulated,,-1
5_SIMULATED_00070,5,simulated,,-1
5_SIMULATED_00071,5,simulated,,-1
5_SIMULATED_00072,5,simulated,,-1
5_SIMULATED_00073,5,simulated,,-1
5_SIMULATED_00074,5,simulated,,-1
5_SIMULATED_00075,5,simulated,,-1
5_SIMULATED_00076,5,simulated,,-1
5_SIMULATED_00077,5,simulated,,-1
5_SIMULATED_00078,5,simulated,,-1
5_SIMULATED_00079,5,simulated,,-1
5_SIMULATED_00080,5,simulated,,-1
5_SIMULATED_00081,5,simulated,,-1
5_SIMULATED_00082,5,simulated,,-1
5_SIMULATED_00083,5,simulated,,-1
5_SIMULATED_00084,5,simulated,,-1
5_SIMULATED_00085,5,simulated,,-1
5_SIMULATED_00086,5,simulated,,-1
5_SIMULATED_00087,5,simulated,,-1
5_SIMULATED_00088,5,simulated,,-1
5_SIMULATED_00089,5,simulated,,-1
5_SIMULATED_00090,5,simulated,,-1
5_SIMULATED_00091,5,simulated,,-1
5_SIMULATED_00092,5,simulated,,-1
5_SIMULATED_00093,5,simulated,,-1
5_SIMULATED_00094,5,simulated,,-1
5_SIMULATED_00095,5,simulated,,-1
5_SIMULATED_00096,5,simulated,,-1
5_SIMULATED_00097,5,simulated,,-1
5_SIMULATED_00098,5,simulated,,-1
5_SIMULATED_00099,5,simulated,,-1
5_SIMULATED_00100,5,simulated,,-1
5_SIMULATED_00101,5,simulated,,-1
5_SIMULATED_00102,5,simulated,,-1
5_SIMULATED_00103,5,simulated,,-1
5_SIMULATED_00104,5,simulated,,-1
5_SIMULATED_00105,5,simulated,,-1
5_SIMULATED_00106,5,simulated,,-1
5_SIMULATED_00107,5,simulated,,-1
5_SIMULATED_00108,5,simulated,,-1
5_SIMULATED_00109,5,simulated,,-1
5_SIMULATED_00110,5,simulated,,-1
5_SIMULATED_00111,5,simulated,,-1
5_SIMULATED_00112,5,simulated,,-1
5_SIMULATED_00113,5,simulated,,-1
5_SIMULATED_00114,5,simulated,,-1
5_SIMULATED_00115,5,simulated,,-1
5_SIMULATED_00116,5,simulated,,-1
5_SIMULATED_00117,5,simulated,,-1
5_SIMULATED_00118,5,simulated,,-1
5_SIMULATED_00119,5,simulated,,-1
5_SIMULATED_00120,5,simulated,,-1
5_SIMULATED_00121,5,simulated,,-1
5_SIMULATED_00122,5,simulated,,-1
5_SIMULATED_00123,5,simulated,,-1
5_SIMULATED_00124,5,simulated,,-1
5_SIMULATED_00125,5,simulated,,-1
5_SIMULATED_00126,5,simulated,,-1
5_SIMULATED_00127,5,simulated,,-1
5_SIMULATED_00128,5,simulated,,-1
5_SIMULATED_00129,5,simulated,,-1
5_SIMULATED_00130,5,simulated,,-1
5_SIMULATED_00131,5,simulated,,-1
5_SIMULATED_00132,5,simulated,,-1
5_SIMULATED_00133,5,simulated,,-1
5_SIMULATED_00134,5,simulated,,-1
5_SIMULATED_00135,5,simulated,,-1
5_SIMULATED_00136,5,simulated,,-1
5_SIMULATED_00137,5,simulated,,-1
5_SIMULATED_00138,5,simulated,,-1
5_SIMULATED_00139,5,simulated,,-1
5_SIMULATED_00140,5,simulated,,-1
5_SIMULATED_00141,5,simulated,,-1
5_SIMULATED_00142,5,simulated,,-1
5_SIMULATED_00143,5,simulated,,-1
5_SIMULATED_00144,5,simulated,,-1
5_SIMULATED_00145,5,simulated,,-1
5_SIMULATED_00146,5,simulated,,-1
5_SIMULATED_00147,5,simulated,,-1
5_SIMULATED_00148,5,simulated,,-1
5_SIMULATED_00149,5,simulated,,-1
5_SIMULATED_00150,5,simulated,,-1
5_SIMULATED_00151,5,simulated,,-1
5_SIMULATED_00152,5,simulated,,-1
5_SIMULATED_00153,5,simulated,,-1
5_SIMULATED_00154,5,simulated,,-1
5_SIMULATED_00155,5,simulated,,-1
5_SIMULATED_00156,5,simulated,,-1
5_SIMULATED_00157,5,simulated,,-1
5_SIMULATED_00158,5,simulated,,-1
5_SIMULATED_00159,5,simulated,,-1
5_SIMULATED_00160,5,simulated,,-1
5_SIMULATED_00161,5,simulated,,-1
5_SIMULATED_00162,5,simulated,,-1
5_SIMULATED_00163,5,simulated,,-1
5_SIMULATED_00164,5,simulated,,-1
5_SIMULATED_00165,5,simulated,,-1
5_SIMULATED_00166,5,simulated,,-1
5_SIMULATED_00167,5,simulated,,-1
5_SIMULATED_00168,5,simulated,,-1
5_SIMULATED_00169,5,simulated,,-1
5_SIMULATED_00170,5,simulated,,-1
5_SIMULATED_00171,5,simulated,,-1
5_SIMULATED_00172,5,simulated,,-1
5_SIMULATED_00173,5,simulated,,-1
5_SIMULATED_00174,5,simulated,,-1
5_SIMULATED_00175,5,simulated,,-1
5_SIMULATED_00176,5,simulated,,-1
5_SIMULATED_00177,5,simulated,,-1
5_SIMULATED_00178,5,simulated,,-1
5_SIMULATED_00179,5,simulated,,-1
5_SIMULATED_00180,5,simulated,,-1
5_SIMULATED_00181,5,simulated,,-1
5_SIMULATED_00182,5,simulated,,-1
5_SIMULATED_00183,5,simulated,,-1
5_SIMULATED_00184,5,simulated,,-1
5_SIMULATED_00185,5,simulated,,-1
5_SIMULATED_00186,5,simulated,,-1
5_SIMULATED_00187,5,simulated,,-1
5_SIMULATED_00188,5,simulated,,-1
5_SIMULATED_00189,5,simulated,,-1
5_SIMULATED_00190,5,simulated,,-1
5_SIMULATED_00191,5,simulated,,-1
5_SIMULATED_00192,5,simulated,,-1
5_SIMULATED_00193,5,simulated,,-1
5_SIMULATED_00194,5,simulated,,-1
5_SIMULATED_00195,5,simulated,,-1
5_SIMULATED_00196,5,simulated,,-1
5_SIMULATED_00197,5,simulated,,-1
5_SIMULATED_00198,5,simulated,,-1
5_SIMULATED_00199,5,simulated,,-1
5_SIMULATED_00200,5,simulated,,-1
5_SIMULATED_00201,5,simulated,,-1
5_SIMULATED_00202,5,simulated,,-1
5_SIMULATED_00203,5,simulated,,-1
5_SIMULATED_00204,5,simulated,,-1
5_SIMULATED_00205,5,simulated,,-1
5_SIMULATED_00206,5,simulated,,-1
5_SIMULATED_00207,5,simulated,,-1
5_SIMULATED_00208,5,simulated,,-1
5_SIMULATED_00209,5,simulated,,-1
5_SIMULATED_00210,5,simulated,,-1
5_SIMULATED_00211,5,simulated,,-1
5_SIMULATED_00212,5,simulated,,-1
5_SIMULATED_00213,5,simulated,,-1
5_SIMULATED_00214,5,simulated,,-1
5_SIMULATED_00215,5,simulated,,-1
5_SIMULATED_00216,5,simulated,,-1
5_SIMULATED_00217,5,simulated,,-1
5_SIMULATED_00218,5,simulated,,-1
5_SIMULATED_00219,5,simulated,,-1
5_SIMULATED_00220,5,simulated,,-1
5_SIMULATED_00221,5,simulated,,-1
5_SIMULATED_00222,5,simulated,,-1
5_SIMULATED_00223,5,simulated,,-1
5_SIMULATED_00224,5,simulated,,-1
5_SIMULATED_00225,5,simulated,,-1
5_SIMULATED_00226,5,simulated,,-1
5_SIMULATED_00227,5,simulated,,-1
5_SIMULATED_00228,5,simulated,,-1
5_SIMULATED_00229,5,simulated,,-1
5_SIMULATED_00230,5,simulated,,-1
5_SIMULATED_00231,5,simulated,,-1
5_SIMULATED_00232,5,simulated,,-1
5_SIMULATED_00233,5,simulated,,-1
5_SIMULATED_00234,5,simulated,,-1
5_SIMULATED_00235,5,simulated,,-1
5_SIMULATED_00236,5,simulated,,-1
5_SIMULATED_00237,5,simulated,,-1
5_SIMULATED_00238,5,simulated,,-1
5_SIMULATED_00239,5,simulated,,-1
5_SIMULATED_00240,5,simulated,,-1
5_SIMULATED_00241,5,simulated,,-1
5_SIMULATED_00242,5,simulated,,-1
5_SIMULATED_00243,5,simulated,,-1
5_SIMULATED_00244,5,simulated,,-1
5_SIMULATED_00245,5,simulated,,-1
5_SIMULATED_00246,5,simulated,,-1
5_SIMULATED_00247,5,simulated,,-1
5_SIMULATED_00248,5,simulated,,-1
5_SIMULATED_00249,5,simulated,,-1
5_SIMULATED_00250,5,simulated,,-1
5_SIMULATED_00251,5,simulated,,-1
5_SIMULATED_00252,5,simulated,,-1
5_SIMULATED_00253,5,simulated,,-1
5_SIMULATED_00254,5,simulated,,-1
5_SIMULATED_00255,5,simulated,,-1
5_SIMULATED_00256,5,simulated,,-1
5_SIMULATED_00257,5,simulated,,-1
5_SIMULATED_00258,5,simulated,,-1
5_SIMULATED_00259,5,simulated,,-1
5_SIMULATED_00260,5,simulated,,-1
5_SIMULATED_00261,5,simulated,,-1
5_SIMULATED_00262,5,simulated,,-1
5_SIMULATED_00263,5,simulated,,-1
5_SIMULATED_00264,5,simulated,,-1
5_SIMULATED_00265,5,simulated,,-1
5_SIMULATED_00266,5,simulated,,-1
5_SIMULATED_00267,5,simulated,,-1
5_SIMULATED_00268,5,simulated,,-1
5_SIMULATED_00269,5,simulated,,-1
5_SIMULATED_00270,5,simulated,,-1
5_SIMULATED_00271,5,simulated,,-1
5_SIMULATED_00272,5,simulated,,-1
5_SIMULATED_00273,5,simulated,,-1
5_SIMULATED_00274,5,simulated,,-1
5_SIMULATED_00275,5,simulated,,-1
5_SIMULATED_00276,5,simulated,,-1
5_SIMULATED_00277,5,simulated,,-1
5_SIMULATED_00278,5,simulated,,-1
5_SIMULATED_00279,5,simulated,,-1
5_SIMULATED_00280,5,simulated,,-1
5_SIMULATED_00281,5,simulated,,-1
5_SIMULATED_00282,5,simulated,,-1
5_SIMULATED_00283,5,simulated,,-1
5_SIMULATED_00284,5,simulated,,-1
5_SIMULATED_00285,5,simulated,,-1
5_SIMULATED_00286,5,simulated,,-1
5_SIMULATED_00287,5,simulated,,-1
5_SIMULATED_00288,5,simulated,,-1
5_SIMULATED_00289,5,simulated,,-1
5_SIMULATED_00290,5,simulated,,-1
5_SIMULATED_00291,5,simulated,,-1
5_SIMULATED_00292,5,simulated,,-1
5_SIMULATED_00293,5,simulated,,-1
5_SIMULATED_00294,5,simulated,,-1
5_SIMULATED_00295,5,simulated,,-1
5_SIMULATED_00296,5,simulated,,-1
5_SIMULATED_00297,5,simulated,,-1
5_SIMULATED_00298,5,simulated,,-1
5_SIMULATED_00299,5,simulated,,-1
5_SIMULATED_00300,5,simulated,,-1
5_SIMULATED_00301,5,simulated,,-1
5_SIMULATED_00302,5,simulated,,-1
5_SIMULATED_00303,5,simulated,,-1
5_SIMULATED_00304,5,simulated,,-1
5_SIMULATED_00305,5,simulated,,-1
5_SIMULATED_00306,5,simulated,,-1
5_SIMULATED_00307,5,simulated,,-1
5_SIMULATED_00308,5,simulated,,-1
5_SIMULATED_00309,5,simulated,,-1
5_SIMULATED_00310,5,simulated,,-1
5_SIMULATED_00311,5,simulated,,-1
5_SIMULATED_00312,5,simulated,,-1
5_SIMULATED_00313,5,simulated,,-1
5_SIMULATED_00314,5,simulated,,-1
5_SIMULATED_00315,5,simulated,,-1
5_SIMULATED_00316,5,simulated,,-1
5_SIMULATED_00317,5,simulated,,-1
5_SIMULATED_00318,5,simulated,,-1
5_SIMULATED_00319,5,simulated,,-1
5_SIMULATED_00320,5,simulated,,-1
5_SIMULATED_00321,5,simulated,,-1
5_SIMULATED_00322,5,simulated,,-1
5_SIMULATED_00323,5,simulated,,-1
5_SIMULATED_00324,5,simulated,,-1
5_SIMULATED_00325,5,simulated,,-1
5_SIMULATED_00326,5,simulated,,-1
5_SIMULATED_00327,5,simulated,,-1
5_SIMULATED_00328,5,simulated,,-1
5_SIMULATED_00329,5,simulated,,-1
5_SIMULATED_00330,5,simulated,,-1
5_SIMULATED_00331,5,simulated,,-1
5_SIMULATED_00332,5,simulated,,-1
5_SIMULATED_00333,5,simulated,,-1
5_SIMULATED_00334,5,simulated,,-1
5_SIMULATED_00335,5,simulated,,-1
5_SIMULATED_00336,5,simulated,,-1
5_SIMULATED_00337,5,simulated,,-1
5_SIMULATED_00338,5,simulated,,-1
5_SIMULATED_00339,5,simulated,,-1
5_SIMULATED_00340,5,simulated,,-1
5_SIMULATED_00341,5,simulated,,-1
5_SIMULATED_00342,5,simulated,,-1
5_SIMULATED_00343,5,simulated,,-1
5_SIMULATED_00344,5,simulated,,-1
5_SIMULATED_00345,5,simulated,,-1
5_SIMULATED_00346,5,simulated,,-1
5_SIMULATED_00347,5,simulated,,-1
5_SIMULATED_00348,5,simulated,,-1
5_SIMULATED_00349,5,simulated,,-1
5_SIMULATED_00350,5,simulated,,-1
5_SIMULATED_00351,5,simulated,,-1
5_SIMULATED_00352,5,simulated,,-1
5_SIMULATED_00353,5,simulated,,-1
5_SIMULATED_00354,5,simulated,,-1
5_SIMULATED_00355,5,simulated,,-1
5_SIMULATED_00356,5,simulated,,-1
5_SIMULATED_00357,5,simulated,,-1
5_SIMULATED_00358,5,simulated,,-1
5_SIMULATED_00359,5,simulated,,-1
5_SIMULATED_00360,5,simulated,,-1
5_SIMULATED_00361,5,simulated,,-1
5_SIMULATED_00362,5,simulated,,-1
5_SIMULATED_00363,5,simulated,,-1
5_SIMULATED_00364,5,simulated,,-1
5_SIMULATED_00365,5,simulated,,-1
5_SIMULATED_00366,5,simulated,,-1
5_SIMULATED_00367,5,simulated,,-1
5_SIMULATED_00368,5,simulated,,-1
5_SIMULATED_00369,5,simulated,,-1
5_SIMULATED_00370,5,simulated,,-1
5_SIMULATED_00371,5,simulated,,-1
5_SIMULATED_00372,5,simulated,,-1
5_SIMULATED_00373,5,simulated,,-1
5_SIMULATED_00374,5,simulated,,-1
5_SIMULATED_00375,5,simulated,,-1
5_SIMULATED_00376,5,simulated,,-1
5_SIMULATED_00377,5,simulated,,-1
5_SIMULATED_00378,5,simulated,,-1
5_SIMULATED_00379,5,simulated,,-1
5_SIMULATED_00380,5,simulated,,-1
5_SIMULATED_00381,5,simulated,,-1
5_SIMULATED_00382,5,simulated,,-1
5_SIMULATED_00383,5,simulated,,-1
5_SIMULATED_00384,5,simulated,,-1
5_SIMULATED_00385,5,simulated,,-1
5_SIMULATED_00386,5,simulated,,-1
5_SIMULATED_00387,5,simulated,,-1
5_SIMULATED_00388,5,simulated,,-1
5_SIMULATED_00389,5,simulated,,-1
5_SIMULATED_00390,5,simulated,,-1
5_SIMULATED_00391,5,simulated,,-1
5_SIMULATED_00392,5,simulated,,-1
5_SIMULATED_00393,5,simulated,,-1
5_SIMULATED_00394,5,simulated,,-1
5_SIMULATED_00395,5,simulated,,-1
5_SIMULATED_00396,5,simulated,,-1
5_SIMULATED_00397,5,simulated,,-1
5_SIMULATED_00398,5,simulated,,-1
5_SIMULATED_00399,5,simulated,,-1
5_SIMULATED_00400,5,simulated,,-1
5_SIMULATED_00401,5,simulated,,-1
5_SIMULATED_00402,5,simulated,,-1
5_SIMULATED_00403,5,simulated,,-1
5_SIMULATED_00404,5,simulated,,-1
5_SIMULATED_00405,5,simulated,,-1
5_SIMULATED_00406,5,simulated,,-1
5_SIMULATED_00407,5,simulated,,-1
5_SIMULATED_00408,5,simulated,,-1
5_SIMULATED_00409,5,simulated,,-1
5_SIMULATED_00410,5,simulated,,-1
5_SIMULATED_00411,5,simulated,,-1
5_SIMULATED_00412,5,simulated,,-1
5_SIMULATED_00413,5,simulated,,-1
5_SIMULATED_00414,5,simulated,,-1
5_SIMULATED_00415,5,simulated,,-1
5_SIMULATED_00416,5,simulated,,-1
5_SIMULATED_00417,5,simulated,,-1
5_SIMULATED_00418,5,simulated,,-1
5_SIMULATED_00419,5,simulated,,-1
5_SIMULATED_00420,5,simulated,,-1
5_SIMULATED_00421,5,simulated,,-1
5_SIMULATED_00422,5,simulated,,-1
5_SIMULATED_00423,5,simulated,,-1
5_SIMULATED_00424,5,simulated,,-1
5_SIMULATED_00425,5,simulated,,-1
5_SIMULATED_00426,5,simulated,,-1
5_SIMULATED_00427,5,simulated,,-1
5_SIMULATED_00428,5,simulated,,-1
5_SIMULATED_00429,5,simulated,,-1
5_SIMULATED_00430,5,simulated,,-1
5_SIMULATED_00431,5,simulated,,-1
5_SIMULATED_00432,5,simulated,,-1
5_SIMULATED_00433,5,simulated,,-1
5_SIMULATED_00434,5,simulated,,-1
5_SIMULATED_00435,5,simulated,,-1
5_SIMULATED_00436,5,simulated,,-1
5_SIMULATED_00437,5,simulated,,-1
5_SIMULATED_00438,5,simulated,,-1
5_SIMULATED_00439,5,simulated,,-1
5_WELL-00015_20170620122925,5,real,WELL-00015,0
5_WELL-00016_20180405005319,5,real,WELL-00016,1
5_WELL-00016_20180426131710,5,real,WELL-00016,1
5_WELL-00016_20180426135108,5,real,WELL-00016,1
5_WELL-00016_20180517212322,5,real,WELL-00016,1
5_WELL-00020_20140314144539,5,real,WELL-00020,4
5_WELL-00020_20140317130658,5,real,WELL-00020,4
5_WELL-00020_20140318005900,5,real,WELL-00020,4
5_WELL-00020_20140318135038,5,real,WELL-00020,4
5_WELL-00020_20140319021600,5,real,WELL-00020,4
5_WELL-00020_20140319110000,5,real,WELL-00020,4
6_SIMULATED_00001,6,simulated,,-1
6_SIMULATED_00002,6,simulated,,-1
6_SIMULATED_00003,6,simulated,,-1
6_SIMULATED_00004,6,simulated,,-1
6_SIMULATED_00005,6,simulated,,-1
6_SIMULATED_00006,6,simulated,,-1
6_SIMULATED_00007,6,simulated,,-1
6_SIMULATED_00008,6,simulated,,-1
6_SIMULATED_00009,6,simulated,,-1
6_SIMULATED_00010,6,simulated,,-1
6_SIMULATED_00011,6,simulated,,-1
6_SIMULATED_00012,6,simulated,,-1
6_SIMULATED_00013,6,simulated,,-1
6_SIMULATED_00014,6,simulated,,-1
6_SIMULATED_00015,6,simulated,,-1
6_SIMULATED_00016,6,simulated,,-1
6_SIMULATED_00017,6,simulated,,-1
6_SIMULATED_00018,6,simulated,,-1
6_SIMULATED_00019,6,simulated,,-1
6_SIMULATED_00020,6,simulated,,-1
6_SIMULATED_00021,6,simulated,,-1
6_SIMULATED_00022,6,simulated,,-1
6_SIMULATED_00023,6,simulated,,-1
6_SIMULATED_00024,6,simulated,,-1
6_SIMULATED_00025,6,simulated,,-1
6_SIMULATED_00026,6,simulated,,-1
6_SIMULATED_00027,6,simulated,,-1
6_SIMULATED_00028,6,simulated,,-1
6_SIMULATED_00029,6,simulated,,-1
6_SIMULATED_00030,6,simulated,,-1
6_SIMULATED_00031,6,simulated,,-1
6_SIMULATED_00032,6,simulated,,-1
6_SIMULATED_00033,6,simulated,,-1
6_SIMULATED_00034,6,simulated,,-1
6_SIMULATED_00035,6,simulated,,-1
6_SIMULATED_00036,6,simulated,,-1
6_SIMULATED_00037,6,simulated,,-1
6_SIMULATED_00038,6,simulated,,-1
6_SIMULATED_00039,6,simulated,,-1
6_SIMULATED_00040,6,simulated,,-1
6_SIMULATED_00041,6,simulated,,-1
6_SIMULATED_00042,6,simulated,,-1
6_SIMULATED_00043,6,simulated,,-1
6_SIMULATED_00044,6,simulated,,-1
6_SIMULATED_00045,6,simulated,,-1
6_SIMULATED_00046,6,simulated,,-1
6_SIMULATED_00047,6,simulated,,-1
6_SIMULATED_00048,6,simulated,,-1
6_SIMULATED_00049,6,simulated,,-1
6_SIMULATED_00050,6,simulated,,-1
6_SIMULATED_00051,6,simulated,,-1
6_SIMULATED_00052,6,simulated,,-1
6_SIMULATED_00053,6,simulated,,-1
6_SIMULATED_00054,6,simulated,,-1
6_SIMULATED_00055,6,simulated,,-1
6_SIMULATED_00056,6,simulated,,-1
6_SIMULATED_00057,6,simulated,,-1
6_SIMULATED_00058,6,simulated,,-1
6_SIMULATED_00059,6,simulated,,-1
6_SIMULATED_00060,6,simulated,,-1
6_SIMULATED_00061,6,simulated,,-1
6_SIMULATED_00062,6,simulated,,-1
6_SIMULATED_00063,6,simulated,,-1
6_SIMULATED_00064,6,simulated,,-1
6_SIMULATED_00065,6,simulated,,-1
6_SIMULATED_00066,6,simulated,,-1
6_SIMULATED_00067,6,simulated,,-1
6_SIMULATED_00068,6,simulated,,-1
6_SIMULATED_00069,6,simulated,,-1
6_SIMULATED_00070,6,simulated,,-1
6_SIMULATED_00071,6,simulated,,-1
6_SIMULATED_00072,6,simulated,,-1
6_SIMULATED_00073,6,simulated,,-1
6_SIMULATED_00074,6,simulated,,-1
6_SIMULATED_00075,6,simulated,,-1
6_SIMULATED_00076,6,simulated,,-1
6_SIMULATED_00077,6,simulated,,-1
6_SIMULATED_00078,6,simulated,,-1
6_SIMULATED_00079,6,simulated,,-1
6_SIMULATED_00080,6,simulated,,-1
6_SIMULATED_00081,6,simulated,,-1
6_SIMULATED_00082,6,simulated,,-1
6_SIMULATED_00083,6,simulated,,-1
6_SIMULATED_00084,6,simulated,,-1
6_SIMULATED_00085,6,simulated,,-1
6_SIMULATED_00086,6,simulated,,-1
6_SIMULATED_00087,6,simulated,,-1
6_SIMULATED_00088,6,simulated,,-1
6_SIMULATED_00089,6,simulated,,-1
6_SIMULATED_00090,6,simulated,,-1
6_SIMULATED_00091,6,simulated,,-1
6_SIMULATED_00092,6,simulated,,-1
6_SIMULATED_00093,6,simulated,,-1
6_SIMULATED_00094,6,simulated,,-1
6_SIMULATED_00095,6,simulated,,-1
6_SIMULATED_00096,6,simulated,,-1
6_SIMULATED_00097,6,simulated,,-1
6_SIMULATED_00098,6,simulated,,-1
6_SIMULATED_00099,6,simulated,,-1
6_SIMULATED_00100,6,simulated,,-1
6_SIMULATED_00101,6,simulated,,-1
6_SIMULATED_00102,6,simulated,,-1
6_SIMULATED_00103,6,simulated,,-1
6_SIMULATED_00104,6,simulated,,-1
6_SIMULATED_00105,6,simulated,,-1
6_SIMULATED_00106,6,simulated,,-1
6_SIMULATED_00107,6,simulated,,-1
6_SIMULATED_00108,6,simulated,,-1
6_SIMULATED_00109,6,simulated,,-1
6_SIMULATED_00110,6,simulated,,-1
6_SIMULATED_00111,6,simulated,,-1
6_SIMULATED_00112,6,simulated,,-1
6_SIMULATED_00113,6,simulated,,-1
6_SIMULATED_00114,6,simulated,,-1
6_SIMULATED_00115,6,simulated,,-1
6_SIMULATED_00116,6,simulated,,-1
6_SIMULATED_00117,6,simulated,,-1
6_SIMULATED_00118,6,simulated,,-1
6_SIMULATED_00119,6,simulated,,-1
6_SIMULATED_00120,6,simulated,,-1
6_SIMULATED_00121,6,simulated,,-1
6_SIMULATED_00122,6,simulated,,-1
6_SIMULATED_00123,6,simulated,,-1
6_SIMULATED_00124,6,simulated,,-1
6_SIMULATED_00125,6,simulated,,-1
6_SIMULATED_00126,6,simulated,,-1
6_SIMULATED_00127,6,simulated,,-1
6_SIMULATED_00128,6,simulated,,-1
6_SIMULATED_00129,6,simulated,,-1
6_SIMULATED_00130,6,simulated,,-1
6_SIMULATED_00131,6,simulated,,-1
6_SIMULATED_00132,6,simulated,,-1
6_SIMULATED_00133,6,simulated,,-1
6_SIMULATED_00134,6,simulated,,-1
6_SIMULATED_00135,6,simulated,,-1
6_SIMULATED_00136,6,simulated,,-1
6_SIMULATED_00137,6,simulated,,-1
6_SIMULATED_00138,6,simulated,,-1
6_SIMULATED_00139,6,simulated,,-1
6_SIMULATED_00140,6,simulated,,-1
6_SIMULATED_00141,6,simulated,,-1
6_SIMULATED_00142,6,simulated,,-1
6_SIMULATED_00143,6,simulated,,-1
6_SIMULATED_00144,6,simulated,,-1
6_SIMULATED_00145,6,simulated,,-1
6_SIMULATED_00146,6,simulated,,-1
6_SIMULATED_00147,6,simulated,,-1
6_SIMULATED_00148,6,simulated,,-1
6_SIMULATED_00149,6,simulated,,-1
6_SIMULATED_00150,6,simulated,,-1
6_SIMULATED_00151,6,simulated,,-1
6_SIMULATED_00152,6,simulated,,-1
6_SIMULATED_00153,6,simulated,,-1
6_SIMULATED_00154,6,simulated,,-1
6_SIMULATED_00155,6,simulated,,-1
6_SIMULATED_00156,6,simulated,,-1
6_SIMULATED_00157,6,simulated,,-1
6_SIMULATED_00158,6,simulated,,-1
6_SIMULATED_00159,6,simulated,,-1
6_SIMULATED_00160,6,simulated,,-1
6_SIMULATED_00161,6,simulated,,-1
6_SIMULATED_00162,6,simulated,,-1
6_SIMULATED_00163,6,simulated,,-1
6_SIMULATED_00164,6,simulated,,-1
6_SIMULATED_00165,6,simulated,,-1
6_SIMULATED_00166,6,simulated,,-1
6_SIMULATED_00167,6,simulated,,-1
6_SIMULATED_00168,6,simulated,,-1
6_SIMULATED_00169,6,simulated,,-1
6_SIMULATED_00170,6,simulated,,-1
6_SIMULATED_00171,6,simulated,,-1
6_SIMULATED_00172,6,simulated,,-1
6_SIMULATED_00173,6,simulated,,-1
6_SIMULATED_00174,6,simulated,,-1
6_SIMULATED_00175,6,simulated,,-1
6_SIMULATED_00176,6,simulated,,-1
6_SIMULATED_00177,6,simulated,,-1
6_SIMULATED_00178,6,simulated,,-1
6_SIMULATED_00179,6,simulated,,-1
6_SIMULATED_00180,6,simulated,,-1
6_SIMULATED_00181,6,simulated,,-1
6_SIMULATED_00182,6,simulated,,-1
6_SIMULATED_00183,6,simulated,,-1
6_SIMULATED_00184,6,simulated,,-1
6_SIMULATED_00185,6,simulated,,-1
6_SIMULATED_00186,6,simulated,,-1
6_SIMULATED_00187,6,simulated,,-1
6_SIMULATED_00188,6,simulated,,-1
6_SIMULATED_00189,6,simulated,,-1
6_SIMULATED_00190,6,simulated,,-1
6_SIMULATED_00191,6,simulated,,-1
6_SIMULATED_00192,6,simulated,,-1
6_SIMULATED_00193,6,simulated,,-1
6_SIMULATED_00194,6,simulated,,-1
6_SIMULATED_00195,6,simulated,,-1
6_SIMULATED_00196,6,simulated,,-1
6_SIMULATED_00197,6,simulated,,-1
6_SIMULATED_00198,6,simulated,,-1
6_SIMULATED_00199,6,simulated,,-1
6_SIMULATED_00200,6,simulated,,-1
6_SIMULATED_00201,6,simulated,,-1
6_SIMULATED_00202,6,simulated,,-1
6_SIMULATED_00203,6,simulated,,-1
6_SIMULATED_00204,6,simulated,,-1
6_SIMULATED_00205,6,simulated,,-1
6_SIMULATED_00206,6,simulated,,-1
6_SIMULATED_00207,6,simulated,,-1
6_SIMULATED_00208,6,simulated,,-1
6_SIMULATED_00209,6,simulated,,-1
6_SIMULATED_00210,6,simulated,,-1
6_SIMULATED_00211,6,simulated,,-1
6_SIMULATED_00212,6,simulated,,-1
6_SIMULATED_00213,6,simulated,,-1
6_SIMULATED_00214,6,simulated,,-1
6_SIMULATED_00215,6,simulated,,-1
6_WELL-00002_20140212160333,6,real,WELL-00002,0
6_WELL-00002_20140301141700,6,real,WELL-00002,0
6_WELL-00002_20140325160304,6,real,WELL-00002,0
6_WELL-00004_20171031171509,6,real,WELL-00004,1
6_WELL-00004_20171031181500,6,real,WELL-00004,1
6_WELL-00004_20171031184839,6,real,WELL-00004,1
7_WELL-00001_20170226130146,7,real,WELL-00001,2
7_WELL-00006_20180618103000,7,real,WELL-00006,1
7_WELL-00006_20180620152903,7,real,WELL-00006,1
7_WELL-00021_20180611011218,7,real,WELL-00021,2
7_WELL-00021_20190403013307,7,real,WELL-00021,2
7_WELL-00022_20180802233838,7,real,WELL-00022,3
7_WELL-00022_20180912025800,7,real,WELL-00022,3
7_WELL-00022_20180919003240,7,real,WELL-00022,3
7_WELL-00022_20180925003447,7,real,WELL-00022,3
7_WELL-00022_20181007080700,7,real,WELL-00022,3
7_WELL-00022_20181020133850,7,real,WELL-00022,3
7_WELL-00022_20181026005827,7,real,WELL-00022,3
7_WELL-00022_20181101193049,7,real,WELL-00022,3
7_WELL-00023_20180826212652,7,real,WELL-00023,0
7_WELL-00023_20181014121654,7,real,WELL-00023,0
7_WELL-00023_20181019115124,7,real,WELL-00023,0
7_WELL-00023_20181030045054,7,real,WELL-00023,0
7_WELL-00024_20160704180000,7,real,WELL-00024,4
7_WELL-00024_20160708024918,7,real,WELL-00024,4
7_WELL-00024_20160712123044,7,real,WELL-00024,4
7_WELL-00024_20160720230624,7,real,WELL-00024,4
7_WELL-00024_20160722105543,7,real,WELL-00024,4
7_WELL-00024_20160729172014,7,real,WELL-00024,4
7_WELL-00024_20160802001614,7,real,WELL-00024,4
7_WELL-00024_20160810123500,7,real,WELL-00024,4
7_WELL-00024_20160825100303,7,real,WELL-00024,4
7_WELL-00024_20160828150330,7,real,WELL-00024,4
7_WELL-00024_20160830190958,7,real,WELL-00024,4
7_WELL-00024_20160906211412,7,real,WELL-00024,4
7_WELL-00024_20160909220000,7,real,WELL-00024,4
7_WELL-00024_20160911063934,7,real,WELL-00024,4
7_WELL-00024_20160920153331,7,real,WELL-00024,4
7_WELL-00024_20160923141645,7,real,WELL-00024,4
7_WELL-00024_20160926072123,7,real,WELL-00024,4
7_WELL-00024_20161001112049,7,real,WELL-00024,4
7_WELL-00024_20161026065657,7,real,WELL-00024,4
8_SIMULATED_00001,8,simulated,,-1
8_SIMULATED_00002,8,simulated,,-1
8_SIMULATED_00003,8,simulated,,-1
8_SIMULATED_00004,8,simulated,,-1
8_SIMULATED_00005,8,simulated,,-1
8_SIMULATED_00006,8,simulated,,-1
8_SIMULATED_00007,8,simulated,,-1
8_SIMULATED_00008,8,simulated,,-1
8_SIMULATED_00009,8,simulated,,-1
8_SIMULATED_00010,8,simulated,,-1
8_SIMULATED_00011,8,simulated,,-1
8_SIMULATED_00012,8,simulated,,-1
8_SIMULATED_00013,8,simulated,,-1
8_SIMULATED_00014,8,simulated,,-1
8_SIMULATED_00015,8,simulated,,-1
8_SIMULATED_00016,8,simulated,,-1
8_SIMULATED_00017,8,simulated,,-1
8_SIMULATED_00018,8,simulated,,-1
8_SIMULATED_00019,8,simulated,,-1
8_SIMULATED_00020,8,simulated,,-1
8_SIMULATED_00021,8,simulated,,-1
8_SIMULATED_00022,8,simulated,,-1
8_SIMULATED_00023,8,simulated,,-1
8_SIMULATED_00024,8,simulated,,-1
8_SIMULATED_00025,8,simulated,,-1
8_SIMULATED_00026,8,simulated,,-1
8_SIMULATED_00027,8,simulated,,-1
8_SIMULATED_00028,8,simulated,,-1
8_SIMULATED_00029,8,simulated,,-1
8_SIMULATED_00030,8,simulated,,-1
8_SIMULATED_00031,8,simulated,,-1
8_SIMULATED_00032,8,simulated,,-1
8_SIMULATED_00033,8,simulated,,-1
8_SIMULATED_00034,8,simulated,,-1
8_SIMULATED_00035,8,simulated,,-1
8_SIMULATED_00036,8,simulated,,-1
8_SIMULATED_00037,8,simulated,,-1
8_SIMULATED_00038,8,simulated,,-1
8_SIMULATED_00039,8,simulated,,-1
8_SIMULATED_00040,8,simulated,,-1
8_SIMULATED_00041,8,simulated,,-1
8_SIMULATED_00042,8,simulated,,-1
8_SIMULATED_00043,8,simulated,,-1
8_SIMULATED_00044,8,simulated,,-1
8_SIMULATED_00045,8,simulated,,-1
8_SIMULATED_00046,8,simulated,,-1
8_SIMULATED_00047,8,simulated,,-1
8_SIMULATED_00048,8,simulated,,-1
8_SIMULATED_00049,8,simulated,,-1
8_SIMULATED_00050,8,simulated,,-1
8_SIMULATED_00051,8,simulated,,-1
8_SIMULATED_00052,8,simulated,,-1
8_SIMULATED_00053,8,simulated,,-1
8_SIMULATED_00054,8,simulated,,-1
8_SIMULATED_00055,8,simulated,,-1
8_SIMULATED_00056,8,simulated,,-1
8_SIMULATED_00057,8,simulated,,-1
8_SIMULATED_00058,8,simulated,,-1
8_SIMULATED_00059,8,simulated,,-1
8_SIMULATED_00060,8,simulated,,-1
8_SIMULATED_00061,8,simulated,,-1
8_SIMULATED_00062,8,simulated,,-1
8_SIMULATED_00063,8,simulated,,-1
8_SIMULATED_00064,8,simulated,,-1
8_SIMULATED_00065,8,simulated,,-1
8_SIMULATED_00066,8,simulated,,-1
8_SIMULATED_00067,8,simulated,,-1
8_SIMULATED_00068,8,simulated,,-1
8_SIMULATED_00069,8,simulated,,-1
8_SIMULATED_00070,8,simulated,,-1
8_SIMULATED_00071,8,simulated,,-1
8_SIMULATED_00072,8,simulated,,-1
8_SIMULATED_00073,8,simulated,,-1
8_SIMULATED_00074,8,simulated,,-1
8_SIMULATED_00075,8,simulated,,-1
8_SIMULATED_00076,8,simulated,,-1
8_SIMULATED_00077,8,simulated,,-1
8_SIMULATED_00078,8,simulated,,-1
8_SIMULATED_00079,8,simulated,,-1
8_SIMULATED_00080,8,simulated,,-1
8_SIMULATED_00081,8,simulated,,-1
8_WELL-00019_20120601165020,8,real,WELL-00019,4
8_WELL-00019_20141117190526,8,real,WELL-00019,4
8_WELL-00019_20150614025713,8,real,WELL-00019,4
8_WELL-00019_20210617032654,8,real,WELL-00019,4
8_WELL-00025_20200629194141,8,real,WELL-00025,1
8_WELL-00026_20160601130000,8,real,WELL-00026,2
8_WELL-00026_20170207230000,8,real,WELL-00026,2
8_WELL-00026_20170608230000,8,real,WELL-00026,2
8_WELL-00027_20230918170106,8,real,WELL-00027,1
8_WELL-00028_20210617053128,8,real,WELL-00028,3
8_WELL-00029_20201020231724,8,real,WELL-00029,0
8_WELL-00030_20141108012623,8,real,WELL-00030,3
8_WELL-00031_20140403170404,8,real,WELL-00031,0
8_WELL-00032_20110830235321,8,real,WELL-00032,1
9_SIMULATED_00001,9,simulated,,-1
9_SIMULATED_00002,9,simulated,,-1
9_SIMULATED_00003,9,simulated,,-1
9_SIMULATED_00004,9,simulated,,-1
9_SIMULATED_00005,9,simulated,,-1
9_SIMULATED_00006,9,simulated,,-1
9_SIMULATED_00007,9,simulated,,-1
9_SIMULATED_00008,9,simulated,,-1
9_SIMULATED_00009,9,simulated,,-1
9_SIMULATED_00010,9,simulated,,-1
9_SIMULATED_00011,9,simulated,,-1
9_SIMULATED_00012,9,simulated,,-1
9_SIMULATED_00013,9,simulated,,-1
9_SIMULATED_00014,9,simulated,,-1
9_SIMULATED_00015,9,simulated,,-1
9_SIMULATED_00016,9,simulated,,-1
9_SIMULATED_00017,9,simulated,,-1
9_SIMULATED_00018,9,simulated,,-1
9_SIMULATED_00019,9,simulated,,-1
9_SIMULATED_00020,9,simulated,,-1
9_SIMULATED_00021,9,simulated,,-1
9_SIMULATED_00022,9,simulated,,-1
9_SIMULATED_00023,9,simulated,,-1
9_SIMULATED_00024,9,simulated,,-1
9_SIMULATED_00025,9,simulated,,-1
9_SIMULATED_00026,9,simulated,,-1
9_SIMULATED_00027,9,simulated,,-1
9_SIMULATED_00028,9,simulated,,-1
9_SIMULATED_00029,9,simulated,,-1
9_SIMULATED_00030,9,simulated,,-1
9_SIMULATED_00031,9,simulated,,-1
9_SIMULATED_00032,9,simulated,,-1
9_SIMULATED_00033,9,simulated,,-1
9_SIMULATED_00034,9,simulated,,-1
9_SIMULATED_00035,9,simulated,,-1
9_SIMULATED_00036,9,simulated,,-1
9_SIMULATED_00037,9,simulated,,-1
9_SIMULATED_00038,9,simulated,,-1
9_SIMULATED_00039,9,simulated,,-1
9_SIMULATED_00040,9,simulated,,-1
9_SIMULATED_00041,9,simulated,,-1
9_SIMULATED_00042,9,simulated,,-1
9_SIMULATED_00043,9,simulated,,-1
9_SIMULATED_00044,9,simulated,,-1
9_SIMULATED_00045,9,simulated,,-1
9_SIMULATED_00046,9,simulated,,-1
9_SIMULATED_00047,9,simulated,,-1
9_SIMULATED_00048,9,simulated,,-1
9_SIMULATED_00049,9,simulated,,-1
9_SIMULATED_00050,9,simulated,,-1
9_SIMULATED_00051,9,simulated,,-1
9_SIMULATED_00052,9,simulated,,-1
9_SIMULATED_00053,9,simulated,,-1
9_SIMULATED_00054,9,simulated,,-1
9_SIMULATED_00055,9,simulated,,-1
9_SIMULATED_00056,9,simulated,,-1
9_SIMULATED_00057,9,simulated,,-1
9_SIMULATED_00058,9,simulated,,-1
9_SIMULATED_00059,9,simulated,,-1
9_SIMULATED_00060,9,simulated,,-1
9_SIMULATED_00061,9,simulated,,-1
9_SIMULATED_00062,9,simulated,,-1
9_SIMULATED_00063,9,simulated,,-1
9_SIMULATED_00064,9,simulated,,-1
9_SIMULATED_00065,9,simulated,,-1
9_SIMULATED_00066,9,simulated,,-1
9_SIMULATED_00067,9,simulated,,-1
9_SIMULATED_00068,9,simulated,,-1
9_SIMULATED_00069,9,simulated,,-1
9_SIMULATED_00070,9,simulated,,-1
9_SIMULATED_00071,9,simulated,,-1
9_SIMULATED_00072,9,simulated,,-1
9_SIMULATED_00073,9,simulated,,-1
9_SIMULATED_00074,9,simulated,,-1
9_SIMULATED_00075,9,simulated,,-1
9_SIMULATED_00076,9,simulated,,-1
9_SIMULATED_00077,9,simulated,,-1
9_SIMULATED_00078,9,simulated,,-1
9_SIMULATED_00079,9,simulated,,-1
9_SIMULATED_00080,9,simulated,,-1
9_SIMULATED_00081,9,simulated,,-1
9_SIMULATED_00082,9,simulated,,-1
9_SIMULATED_00083,9,simulated,,-1
9_SIMULATED_00084,9,simulated,,-1
9_SIMULATED_00085,9,simulated,,-1
9_SIMULATED_00086,9,simulated,,-1
9_SIMULATED_00087,9,simulated,,-1
9_SIMULATED_00088,9,simulated,,-1
9_SIMULATED_00089,9,simulated,,-1
9_SIMULATED_00090,9,simulated,,-1
9_SIMULATED_00091,9,simulated,,-1
9_SIMULATED_00092,9,simulated,,-1
9_SIMULATED_00093,9,simulated,,-1
9_SIMULATED_00094,9,simulated,,-1
9_SIMULATED_00095,9,simulated,,-1
9_SIMULATED_00096,9,simulated,,-1
9_SIMULATED_00097,9,simulated,,-1
9_SIMULATED_00098,9,simulated,,-1
9_SIMULATED_00099,9,simulated,,-1
9_SIMULATED_00100,9,simulated,,-1
9_SIMULATED_00101,9,simulated,,-1
9_SIMULATED_00102,9,simulated,,-1
9_SIMULATED_00103,9,simulated,,-1
9_SIMULATED_00104,9,simulated,,-1
9_SIMULATED_00105,9,simulated,,-1
9_SIMULATED_00106,9,simulated,,-1
9_SIMULATED_00107,9,simulated,,-1
9_SIMULATED_00108,9,simulated,,-1
9_SIMULATED_00109,9,simulated,,-1
9_SIMULATED_00110,9,simulated,,-1
9_SIMULATED_00111,9,simulated,,-1
9_SIMULATED_00112,9,simulated,,-1
9_SIMULATED_00113,9,simulated,,-1
9_SIMULATED_00114,9,simulated,,-1
9_SIMULATED_00115,9,simulated,,-1
9_SIMULATED_00116,9,simulated,,-1
9_SIMULATED_00117,9,simulated,,-1
9_SIMULATED_00118,9,simulated,,-1
9_SIMULATED_00119,9,simulated,,-1
9_SIMULATED_00120,9,simulated,,-1
9_SIMULATED_00121,9,simulated,,-1
9_SIMULATED_00122,9,simulated,,-1
9_SIMULATED_00123,9,simulated,,-1
9_SIMULATED_00124,9,simulated,,-1
9_SIMULATED_00125,9,simulated,,-1
9_SIMULATED_00126,9,simulated,,-1
9_SIMULATED_00127,9,simulated,,-1
9_SIMULATED_00128,9,simulated,,-1
9_SIMULATED_00129,9,simulated,,-1
9_SIMULATED_00130,9,simulated,,-1
9_SIMULATED_00131,9,simulated,,-1
9_SIMULATED_00132,9,simulated,,-1
9_SIMULATED_00133,9,simulated,,-1
9_SIMULATED_00134,9,simulated,,-1
9_SIMULATED_00135,9,simulated,,-1
9_SIMULATED_00136,9,simulated,,-1
9_SIMULATED_00137,9,simulated,,-1
9_SIMULATED_00138,9,simulated,,-1
9_SIMULATED_00139,9,simulated,,-1
9_SIMULATED_00140,9,simulated,,-1
9_SIMULATED_00141,9,simulated,,-1
9_SIMULATED_00142,9,simulated,,-1
9_SIMULATED_00143,9,simulated,,-1
9_SIMULATED_00144,9,simulated,,-1
9_SIMULATED_00145,9,simulated,,-1
9_SIMULATED_00146,9,simulated,,-1
9_SIMULATED_00147,9,simulated,,-1
9_SIMULATED_00148,9,simulated,,-1
9_SIMULATED_00149,9,simulated,,-1
9_SIMULATED_00150,9,simulated,,-1
9_WELL-00010_20180517000402,9,real,WELL-00010,4
9_WELL-00010_20180715083053,9,real,WELL-00010,4
9_WELL-00010_20180717234051,9,real,WELL-00010,4
9_WELL-00010_20180720234103,9,real,WELL-00010,4
9_WELL-00010_20180723134436,9,real,WELL-00010,4
9_WELL-00014_20160304155906,9,real,WELL-00014,3
9_WELL-00014_20160306070000,9,real,WELL-00014,3
9_WELL-00014_20170214190000,9,real,WELL-00014,3
9_WELL-00015_20190922060029,9,real,WELL-00015,0
9_WELL-00016_20150418132043,9,real,WELL-00016,1
9_WELL-00016_20190924191606,9,real,WELL-00016,1
9_WELL-00016_20190925110952,9,real,WELL-00016,1
9_WELL-00020_20131004225400,9,real,WELL-00020,4
9_WELL-00033_20190925190420,9,real,WELL-00033,1
9_WELL-00033_20190926065206,9,real,WELL-00033,1
9_WELL-00033_20190928030111,9,real,WELL-00033,1
9_WELL-00033_20190928210207,9,real,WELL-00033,1
9_WELL-00033_20190930190000,9,real,WELL-00033,1
9_WELL-00033_20191004020000,9,real,WELL-00033,1
9_WELL-00034_20190825004401,9,real,WELL-00034,3
9_WELL-00034_20190825150318,9,real,WELL-00034,3
9_WELL-00034_20190826050146,9,real,WELL-00034,3
9_WELL-00034_20190831210153,9,real,WELL-00034,3
9_WELL-00034_20190901060904,9,real,WELL-00034,3
9_WELL-00034_20191003180056,9,real,WELL-00034,3
9_WELL-00035_20190819093245,9,real,WELL-00035,0
9_WELL-00035_20190823193122,9,real,WELL-00035,0
9_WELL-00035_20190824140503,9,real,WELL-00035,0
9_WELL-00035_20190827090706,9,real,WELL-00035,0
9_WELL-00035_20190923023106,9,real,WELL-00035,0
9_WELL-00035_20190925061122,9,real,WELL-00035,0
9_WELL-00036_20190925100042,9,real,WELL-00036,2
9_WELL-00036_20190930013035,9,real,WELL-00036,2
9_WELL-00036_20190930083101,9,real,WELL-00036,2
9_WELL-00037_20181011071238,9,real,WELL-00037,0
9_WELL-00037_20181013022427,9,real,WELL-00037,0
9_WELL-00037_20190924193953,9,real,WELL-00037,0
9_WELL-00037_20190924213000,9,real,WELL-00037,0
9_WELL-00038_20190924212924,9,real,WELL-00038,1
9_WELL-00038_20190925093222,9,real,WELL-00038,1
9_WELL-00039_20190918150111,9,real,WELL-00039,3
9_WELL-00039_20190924200204,9,real,WELL-00039,3
9_WELL-00040_20181013160242,9,real,WELL-00040,4
9_WELL-00041_20181013160201,9,real,WELL-00041,2
9_WELL-00041_20190814154301,9,real,WELL-00041,2
9_WELL-00041_20190817173916,9,real,WELL-00041,2
9_WELL-00041_20190819163753,9,real,WELL-00041,2
9_WELL-00041_20190822143519,9,real,WELL-00041,2
9_WELL-00041_20190906051807,9,real,WELL-00041,2
9_WELL-00041_20190917161232,9,real,WELL-00041,2
9_WELL-00041_20190924202109,9,real,WELL-00041,2
9_WELL-00041_20190925111412,9,real,WELL-00041,2
9_WELL-00042_20141217142745,9,real,WELL-00042,4
9_WELL-00042_20141218004109,9,real,WELL-00042,4
9_WELL-00042_20141218051903,9,real,WELL-00042,4
9_WELL-00042_20141221190219,9,real,WELL-00042,4
9_WELL-00042_20141222024535,9,real,WELL-00042,4
